index;Project url;Language;Contributors;OSE;BCE;PDE;SV;OS;SD;RS;TFS;UI;TC;CommitCount;DaysActive;FirstCommitDate;LastCommitDate;commitCentrality_Community Count;commitCentrality_TFN;commitCentrality_TFC;commitCentrality_CommunityAuthorCount_count;commitCentrality_CommunityAuthorCount_mean;commitCentrality_CommunityAuthorCount_stdev;commitCentrality_CommunityAuthorItemCount_count;commitCentrality_CommunityAuthorItemCount_mean;commitCentrality_CommunityAuthorItemCount_stdev;Issues_TFN;Issues_TFC;Issues_CommunityAuthorCount_count;Issues_CommunityAuthorCount_mean;Issues_CommunityAuthorCount_stdev;Issues_CommunityAuthorItemCount_count;Issues_CommunityAuthorItemCount_mean;Issues_CommunityAuthorItemCount_stdev;issuesAndPRsCentrality_TFN;issuesAndPRsCentrality_TFC;issuesAndPRsCentrality_CommunityAuthorCount_count;issuesAndPRsCentrality_CommunityAuthorCount_mean;issuesAndPRsCentrality_CommunityAuthorCount_stdev;issuesAndPRsCentrality_CommunityAuthorItemCount_count;issuesAndPRsCentrality_CommunityAuthorItemCount_mean;issuesAndPRsCentrality_CommunityAuthorItemCount_stdev;BusFactorNumber;SponsoredTFC;ExperiencedTFC
1;https://github.com/microsoft/checkedc;C;31;1;1;1;1;0;1;0;0;0;0;430;2067;01/02/2016;30/09/2021;5;34;6.372.093.023.255.810;5;7;35.355.339.059.327.300;5;86;1.384.431.291.180.600;32;4.935.622.317.596.560;7;4.714.285.714.285.710;4.347.960.660.443.220;7;33.285.714.285.714.200;4.972.495.780.361.630;53;45.062.429.057.888.700;6;9;8.221.921.916.437.780;6;14.683.333.333.333.300;16.078.235.807.036.300;0.9814814814814815;6.046.511.627.906.970;8.255.813.953.488.370
2;https://github.com/fmrico/ATCSim;C;31;0;0;1;1;0;0;0;1;0;0;156;2679;11/11/2014;13/03/2022;3;8;8.717.948.717.948.710;3;10.333.333.333.333.300;4.163.331.998.932.260;3;52;3.517.101.079.013.790;40;1;5;5.6;66.558.245.169.174.900;5;13;17.334.935.823.359.700;28;43.333.333.333.333.300;5;5.8;6.016.643.582.596.520;5;30;42.473.521.163.190.600;0.20689655172413793;17.307.692.307.692.300;4.358.974.358.974.350
3;https://github.com/litehtml/litehtml;C;31;1;1;1;1;0;1;0;0;0;0;431;3705;02/05/2012;24/06/2022;7;38;46.635.730.858.468.600;7;5.571.428.571.428.570;5.769.377.287.516.760;7;6.157.142.857.142.850;12.834.180.553.357.900;87;2.647.058.823.529.410;33;26.666.666.666.666.600;4.941.322.360.124.530;33;6.181.818.181.818.180;17.791.245.293.427.500;109;3.565.891.472.868.210;31;35.483.870.967.741.900;8.740.094.239.299.020;31;12.483.870.967.741.900;4.339.344.878.952.880;0.990909090909091;60.324.825.986.078.800;765.661.252.900.232
4;https://github.com/BTCfork/hardfork_prototype_1_mvf-bu;C;31;1;0;1;0;1;0;1;0;1;0;12595;2831;30/08/2009;31/05/2017;4;481;6.449.384.676.458.910;4;123.25;7.473.230.002.259.170;4;3148.75;32.462.037.700.468.900;100;2;1;2;;1;11;;5;8.933.333.333.333.330;3;10.666.666.666.666.600;3.055.050.463.303.890;3;50;6.183.041.322.844.280;0.625;18.181.818.181.818.100;9.122.667.725.287.810
5;https://github.com/tueben/masc;C;31;0;1;1;1;0;1;0;0;1;1;720;2488;14/07/2015;06/05/2022;5;34;5.722.222.222.222.220;5;7;4.415.880.433.163.920;5;144;2.885.212.297.214.880;0;100;;;;;;;21;4.965.753.424.657.530;3;7.333.333.333.333.330;9.237.604.307.034.010;3;9.733.333.333.333.330;10.398.237.030.061.000;0.9545454545454546;10.555.555.555.555.500;75
6;https://github.com/daid/SeriousProton;C;31;1;1;1;1;0;1;0;1;0;0;800;2896;16/06/2014;22/05/2022;6;31;64.625;6;5.333.333.333.333.330;38.297.084.310.253.500;6;13.333.333.333.333.300;21.959.113.521.876.600;14;39.285.714.285.714.200;5;3;39.370.039.370.059.000;5;5.6;9.736.529.155.710.460;37;4.734.299.516.908.210;8;4.75;7.573.449.864.965.290;8;51.75;8.897.310.990.245.470;0.9736842105263158;1.625;91.375
7;https://github.com/DedSecInside/TorBot;C;31;1;0;1;1;0;1;0;0;1;0;480;532;17/05/2017;01/11/2018;4;22;81.25;4;6;2.943.920.288.775.940;4;120;13.254.684.706.422.300;62;53.645.833.333.333.300;8;8;5.903.993.805.649.090;8;24;28.0;84;6.245.283.018.867.920;10;8.6;7.933.053.216.343.200;10;53;7.714.344.503.009.380;0.9767441860465116;1.875;81.25
8;https://github.com/dragotin/kraft;C;31;0;1;1;1;0;0;0;1;1;0;1543;5829;18/07/2006;03/07/2022;2;12;7.563.188.593.648.730;2;16;4.242.640.687.119.280;2;771.5;8.874.190.103.891.170;33;4.976.744.186.046.510;6;5.666.666.666.666.660;615.358.973.824.764;6;35.833.333.333.333.300;51.214.906.684.154.600;37;51.301.115.241.635.600;6;6.333.333.333.333.330;7.339.391.437.078.870;6;44.833.333.333.333.300;6.836.495.203.440.620;0.47368421052631576;0.06480881399870382;9.786.130.913.804.270
9;https://github.com/tessel/t1-runtime;C;31;0;0;1;1;0;0;0;0;0;0;1662;1062;26/09/2013;23/08/2016;2;13;9.614.921.780.986.760;2;15.5;0.7071067811865476;2;831;9.149.961.748.553.920;64;5.029.154.518.950.430;13;5.076.923.076.923.070;5.469.027.007.636.400;13;5.276.923.076.923.070;7.477.539.016.520.720;76;4.763.805.721.889.550;11;7.090.909.090.909.090;7.119.754.847.669.200;11;13.663.636.363.636.300;18.123.866.735.731.200;0.7692307692307693;1.203.369.434.416.360;9.308.062.575.210.580
10;https://github.com/acmel/dwarves;C;31;0;1;1;0;0;1;0;0;1;1;1995;5661;25/10/2006;25/04/2022;7;60;6.441.102.756.892.230;7;8.714.285.714.285.710;5.677.860.093.212.510;7;285;48.936.319.164.127.300;12;0;9;13.333.333.333.333.300;0.7071067811865476;9;25.555.555.555.555.500;3.086.709.862.908.680;22;0;14;15.714.285.714.285.700;13.424.596.091.494.900;14;3.142.857.142.857.140;528.942.548.657.432;0.9545454545454546;2.355.889.724.310.770;7.689.223.057.644.110
11;https://github.com/anrl/JAM;C;37;1;0;1;1;1;1;0;0;1;0;1782;2655;20/06/2014;27/09/2021;4;37;6.464.646.464.646.460;4;9.75;28.722.813.232.690.100;4;445.5;32.567.519.606.708.300;9;14.705.882.352.941.100;1;3;;1;27;;10;2.786.885.245.901.630;4;2.75;1.707.825.127.659.930;4;15.25;1.682.012.683.265.690;0.8181818181818182;3.423.120.089.786.750;8.445.566.778.900.110
12;https://github.com/NSLS-II/lightsource2-recipes;C;37;0;0;1;0;1;0;0;1;1;1;2371;1713;02/09/2015;12/05/2020;3;35;3.770.560.944.749.050;3;14.333.333.333.333.300;3.214.550.253.664.310;3;7.903.333.333.333.330;5.110.394.635.772.590;15;6.062.176.165.803.100;4;4.5;12.909.944.487.358.000;4;48.25;22.969.182.252.168.500;28;5.893.300.248.138.950;4;7.75;12.583.057.392.117.900;4;403;11.713.240.371.477.000;0.7419354838709677;8.772.669.759.595.100;9.363.137.916.490.930
13;https://github.com/u8sand/Baka-MPlayer;C;37;0;1;1;1;0;1;0;0;1;0;1431;2911;07/07/2014;26/06/2022;5;37;9.266.247.379.454.920;5;7.8;4.381.780.460.041.320;5;286.2;3.981.070.207.871.240;144;3.502.626.970.227.670;15;9.666.666.666.666.660;1.539.789.719.719.020;15;3.806.666.666.666.660;7.511.844.615.259.920;165;3.506.139.154.160.980;16;10.375;1.735.463.434.743.960;16;458.125;936.769.048.378.521;0.9879518072289156;0.7686932215234101;9.615.653.389.238.290
14;https://github.com/jmolloy/pedigree;C;37;0;0;1;1;1;0;0;0;0;1;2620;1954;17/01/2008;25/05/2013;3;32;6.801.526.717.557.250;3;12.333.333.333.333.300;6.350.852.961.085.880;3;8.733.333.333.333.330;7.202.113.115.838.520;7;48.717.948.717.948.700;3;26.666.666.666.666.600;15.275.252.316.519.400;3;13;1.664.331.697.709.320;7;4.878.048.780.487.800;3;26.666.666.666.666.600;15.275.252.316.519.400;3;13.666.666.666.666.600;177.857.620.959.388;0.375;11.068.702.290.076.300;8.889.312.977.099.230
15;https://github.com/Yubico/pam-u2f;C;37;0;1;0;1;0;1;0;0;1;0;551;2755;10/12/2014;27/06/2022;5;36;3.702.359.346.642.460;5;7.6;19.493.588.689.617.900;5;110.2;883.328.930.806.639;161;26.380.368.098.159.500;18;9;13.337.254.325.429.000;18;1.811.111.111.111.110;3.530.687.133.404.330;182;22.757.475.083.056.400;17;10.764.705.882.352.900;1.694.302.737.029.560;17;35.411.764.705.882.300;7.218.990.478.551.120;0.9890710382513661;10.163.339.382.940.100;79.491.833.030.853
16;https://github.com/budgie-desktop/budgie-desktop;C;37;0;1;1;1;0;1;1;0;0;1;3018;3011;07/12/2013;06/03/2022;5;86;57.322.730.284.956.900;5;17.4;13.011.533.345.459.300;5;603.6;8.009.589.877.141.020;1.509;15.436.109.470.368.100;99;15.252.525.252.525.200;5.977.053.800.114.050;99;51.303.030.303.030.300;25.432.068.196.754.600;1.555;161.836.976.783.596;99;15.717.171.717.171.700;604.685.852.667.655;99;5.960.606.060.606.060;2.912.713.447.790.990;0.9993573264781491;15.241.882.041.086.800;9.526.176.275.679.250
17;https://github.com/Extrawurst/cimgui;C;37;1;0;0;1;0;1;0;0;1;0;778;2632;07/04/2015;22/06/2022;4;41;0;4;10.25;3.5;4;194.5;1.747.502.980.445.710;89;3.576.642.335.766.420;12;7.5;11.229.020.842.927.800;12;22.833.333.333.333.300;40.976.342.028.792.700;115;34.841.628.959.276.000;12;9.666.666.666.666.660;1.576.147.970.287.820;12;36.833.333.333.333.300;659.046.602.481.512;1;2.570.694.087.403.590;9.087.403.598.971.720
18;https://github.com/pfi/pficommon;C;37;1;1;1;0;0;0;0;0;0;1;632;3432;26/10/2011;19/03/2021;5;35;44.778.481.012.658.200;5;7.4;6.107.372.593.840.980;5;126.4;1.390.460.355.421.900;17;24.137.931.034.482.700;7;25.714.285.714.285.700;1.511.857.892.036.900;7;12.428.571.428.571.400;11.193.110.125.685.000;26;13.839.285.714.285.700;6;4.5;35.071.355.833.500.300;6;7.466.666.666.666.660;8.278.808.287.831.440;0.9259259259259259;12.025.316.455.696.200;8.955.696.202.531.640
19;https://github.com/wifidog/wifidog-gateway;C;37;1;1;1;0;0;1;1;0;0;0;932;5517;08/03/2004;16/04/2019;6;37;0;6;6.166.666.666.666.660;58.109.092.805.400.600;6;15.533.333.333.333.300;22.242.901.489.389.000;118;15.212.981.744.421.900;16;74.375;10.210.901.037.616.600;16;308.125;52.454.702.680.821.000;133;1.880.141.010.575.790;17;7.882.352.941.176.470;11.889.503.526.962.200;17;5.005.882.352.941.170;10.023.439.441.394.000;1;12.875.536.480.686.600;8.755.364.806.866.950
20;https://github.com/NagiosEnterprises/nrpe;C;37;1;1;1;1;1;1;0;1;1;0;643;7655;23/06/2001;08/06/2022;23;45;0;23;19.565.217.391.304.300;19.651.107.040.193.300;23;27.956.521.739.130.400;7.542.394.017.146.100;20;207;20;10.35;17.122.699.614.992.400;20;25.1;4.896.712.108.515.690;238;0;19;12.526.315.789.473.600;2.120.631.043.673.510;19;3.494.736.842.105.260;6.856.989.433.677.670;1;6.749.611.197.511.660;8.040.435.458.786.930
1;https://github.com/damianh/Cedar.EventStore;C#;40;1;1;1;1;0;1;0;0;1;1;1589;2325;08/03/2015;20/07/2021;5;39;6.393.958.464.443.040;5;8;34.641.016.151.377.500;5;317.8;4.278.419.100.555.710;66;3.944.954.128.440.360;11;6.181.818.181.818.180;6.779.648.690.281.550;11;19.818.181.818.181.800;32.089.930.451.212.200;89;4.705.882.352.941.170;12;7.583.333.333.333.330;8.404.093.519.160.040;12;6.516.666.666.666.660;11.602.964.615.941.300;0.989010989010989;22.026.431.718.061.600;9.257.394.587.791.060
2;https://github.com/rightscale/right_link;C#;40;0;0;1;1;1;1;0;1;0;0;3342;2419;20/07/2009;04/03/2016;3;40;7.561.340.514.661.870;3;16;55.677.643.628.300.200;3;1114;5.537.445.259.323.110;3;4.615.384.615.384.610;2;2;14.142.135.623.730.900;2;6.5;77.781.745.930.520.200;24;6.671.522.214.129.640;4;7.5;5;4;343.25;40.430.712.336.044.700;0.7333333333333333;11.370.436.864.153.200;9.679.832.435.667.260
3;https://github.com/Microsoft/composition;C#;40;0;1;0;1;1;1;0;0;1;0;399;2512;06/05/2015;22/03/2022;7;50;5.914.786.967.418.540;7;8;7.702.813.338.860.890;7;57;8.199.186.951.562.120;196;1.671.309.192.200.550;11;18;1.601.873.902.652.760;11;979.090.909.090.909;9.896.712.034.353.080;213;9.658.617.818.484.590;10;21.4;21.772.561.733.623.400;10;120.1;15.014.026.774.986.100;0.9719626168224299;6.516.290.726.817.040;7.844.611.528.822.050
4;https://github.com/jstedfast/MimeKit;C#;40;1;0;0;1;0;1;0;0;1;1;3570;3546;29/10/2012;15/07/2022;4;39;5.985.994.397.759.100;4;10.25;3.5;4;892.5;6.800.335.776.023.610;463;4.631.578.947.368.420;59;7.864.406.779.661.010;4.058.938.948.624.570;59;24.152.542.372.881.300;1.380.839.092.175.630;503;47.920.433.996.383.300;63;8;429.282.973.069.911;63;26.333.333.333.333.300;15.865.655.746.235.700;0.996031746031746;0.6722689075630253;9.756.302.521.008.400
5;https://github.com/algolia/algoliasearch-client-csharp;C#;40;0;0;1;1;0;1;0;1;1;1;1155;3261;10/07/2013;14/06/2022;4;40;0;4;10;6.683.312.551.921.140;4;288.75;23.891.054.811.372.300;61;0;11;5.545.454.545.454.540;5.298.370.246.852.070;11;2.590.909.090.909.090;4.273.278.494.424.280;77;19.887.730.553.327.900;8;9.75;1.026.436.275.942.850;8;155.875;19.448.278.476.880.300;1;7.445.887.445.887.440;9.099.567.099.567.090
6;https://github.com/daveaglick/Buildalyzer;C#;40;0;0;0;1;0;1;0;0;0;0;329;971;22/09/2017;21/05/2020;4;23;8.389.057.750.759.870;4;6;5.597.618.541.248.880;4;82.25;14.990.080.053.155.100;105;411.371.237.458.194;17;6.235.294.117.647.050;13.264.281.980.966.300;17;1.758.823.529.411.760;47.937.535.949.829.300;120;4.187.082.405.345.210;16;75.625;15.275.115.929.729.100;16;280.625;7.192.539.537.604.220;0.9917355371900827;547.112.462.006.079;8.541.033.434.650.450
7;https://github.com/microsoft/Vipr;C#;19;1;1;1;1;0;1;1;1;1;0;537;2729;30/01/2015;22/07/2022;5;27;0;5;5.4;4.722.287.581.247.030;5;107.4;12.571.515.421.777.900;20;4.131.736.526.946.100;5;4.4;34.351.128.074.635.300;5;33.4;4.906.424.359.959.090;38;957.683.741.648.107;6;6.5;4.505.552.130.427.520;6;7.483.333.333.333.330;8.464.376.330.638.100;1;2.942.271.880.819.360;7.299.813.780.260.700
8;https://github.com/Entroper/Randomizers;C#;41;0;1;1;1;1;1;0;0;0;1;2338;2332;12/02/2016;02/07/2022;3;36;6.347.305.389.221.550;3;14.333.333.333.333.300;960.902.353.693.305;3;7.793.333.333.333.330;7.701.820.131.198.420;52;3.302.752.293.577.980;10;5.3;5.313.504.806.936.120;10;21.8;3.303.129.828.914.790;69;25.572.305.974.316.000;8;8.875;10.629.305.850.202.200;8;223.875;34.180.547.412.652.200;0.9014084507042254;0.3421727972626176;9.478.186.484.174.500
9;https://github.com/microsoft/AMBROSIA;C#;19;0;0;1;1;0;0;0;1;1;0;1225;1201;06/12/2018;21/03/2022;2;9;8.979.591.836.734.690;2;11;28.284.271.247.461.900;2;612.5;5.847.773.080.412.740;21;3.461.538.461.538.460;5;4.6;3.361.547.262.794.320;5;15.6;14.587.666.023.048.300;31;3.153.153.153.153.150;8;4;38.913.824.205.360.600;8;27.75;3.945.250.308.915.770;0.59375;963.265.306.122.449;8.016.326.530.612.240
10;https://github.com/logicchains/LPATHBench;C#;41;0;0;1;1;1;0;0;1;0;1;266;1207;14/11/2014;05/03/2018;2;7;9.736.842.105.263.150;2;20.5;1.767.766.952.966.360;2;133;3.394.112.549.695.420;10;40;5;2.2;16.431.676.725.154.900;5;4;50.990.195.135.927.800;54;41.333.333.333.333.300;14;39.285.714.285.714.200;70.761.167.720.317.100;14;10.714.285.714.285.700;2.576.350.600.671.890;0.38181818181818183;12.406.015.037.593.900;56.390.977.443.609.000
11;https://github.com/stackify/stackify;C#;38;1;1;1;1;1;1;1;0;1;1;400;2789;10/11/2014;30/06/2022;5;41;0;5;8.2;4.764.451.699.828.630;5;80;6.850.912.348.001.540;38;0;7;5.428.571.428.571.420;3.866.830.866.792.720;7;14.857.142.857.142.800;14.276.187.299.469.100;52;0;10;5.2;3.190.262.963.734.770;10;28.7;26.196.055.682.742.200;1;17.5;81.75
12;https://github.com/cloudfoundry-incubator/IronFrame;C#;38;0;1;1;0;1;1;0;1;1;1;376;1388;11/02/2014;30/11/2017;5;38;0;5;7.6;5.272.570.530.585.620;5;75.2;7.479.104.224.437.570;0;100;1;2;;1;2;;2;9;2;6;0;2;23;9.899.494.936.611.660;1;18.351.063.829.787.200;36.702.127.659.574.400
13;https://github.com/unosquare/passcore;C#;38;0;1;1;1;0;1;1;1;1;0;529;2301;07/01/2016;27/04/2022;5;37;15.122.873.345.935.700;5;7.6;6.024.948.132.556.820;5;1.5.8;11.137.863.349.853.000;457;22.285.714.285.714.200;26;17.615.384.615.384.600;34.016.557.054.560.200;26;4.038.461.538.461.530;9.534.529.958.968.160;472;2.924.021.488.871.830;28;16.892.857.142.857.100;3.403.629.792.911.640;28;46.535.714.285.714.200;12.478.588.540.282.500;0.9978858350951374;27.410.207.939.508.500;8.695.652.173.913.040
14;https://github.com/bcgov/hets;C#;38;1;1;1;0;1;0;1;1;1;0;5162;1986;06/01/2017;16/06/2022;6;39;16.466.485.858.194.400;6;6.666.666.666.666.660;731.209.044.437.134;6;8.603.333.333.333.330;13.983.054.983.324.100;3;7.692.307.692.307.690;2;3.5;0.7071067811865476;2;6.5;21.213.203.435.596.400;26;0;3;8.666.666.666.666.660;3.511.884.584.284.240;3;10.096.666.666.666.600;10.538.644.757.905.700;0.9615384615384616;2.169.701.666.020.920;730.530.802.014.723
15;https://github.com/lukencode/FluentEmail;C#;38;0;1;1;1;1;1;0;0;0;0;392;4363;10/04/2010;21/03/2022;12;67;461.734.693.877.551;12;5.666.666.666.666.660;618.404.594.439.791;12;32.666.666.666.666.600;6.327.621.028.379.290;249;0;58;4.293.103.448.275.860;8.345.623.121.574.340;58;7.051.724.137.931.030;18.225.124.757.153.000;314;0;63;4.984.126.984.126.980;1.133.861.808.655.030;63;11.015.873.015.873.000;3.649.856.031.782.530;0.9968152866242038;2.397.959.183.673.460;6.607.142.857.142.850
16;https://github.com/mikefourie/MSBuildExtensionPack;C#;38;0;0;0;1;0;1;0;0;0;1;950;3566;01/10/2008;08/07/2018;4;37;5.684.210.526.315.780;4;9.5;3.872.983.346.207.410;4;237.5;38.710.937.300.285.900;81;40;21;39.047.619.047.619.000;8.797.185.697.169.070;21;7.380.952.380.952.380;2.355.732.622.874.710;102;4.142.857.142.857.140;22;4.681.818.181.818.180;12.403.480.170.755.300;22;9.545.454.545.454.540;3.275.410.155.738.000;0.9902912621359223;23.157.894.736.842.100;868.421.052.631.579
17;https://github.com/BelledonneCommunications/mediastreamer2;C#;38;0;0;1;1;1;0;1;0;1;0;6285;5054;04/09/2008;08/07/2022;4;69;6.009.546.539.379.470;4;18.75;5.251.983.752.196.240;4;1571.25;8.075.160.989.107.270;12;0;8;1.5;0.7559289460184544;8;1.5;0.7559289460184544;;47;0;26;18.076.923.076.923.000;15.496.897.952.617.600;26;24.615.384.615.384.600;0.8723404255319149;39.840.891.010.342.000;9.670.644.391.408.110
18;https://github.com/chipKIT32/chipkit-core;C#;38;1;0;1;1;0;1;0;0;0;1;1744;4586;06/10/2007;26/04/2020;3;35;6.118.119.266.055.040;3;12.666.666.666.666.600;0.5773502691896257;3;5.813.333.333.333.330;4.152.184.164.187.960;55;4.444.444.444.444.440;9;6.333.333.333.333.330;458.257.569.495.584;9;49;53.584.046.133.154.200;65;5.070.555.032.925.680;7;9.571.428.571.428.570;8.223.080.178.318.070;7;15.185.714.285.714.200;18.457.828.381.785.000;0.9552238805970149;194.954.128.440.367;9.701.834.862.385.320
19;https://github.com/cloudfoundry-incubator/windows_app_lifecycle;C#;38;0;0;0;0;0;1;0;0;0;1;197;1019;10/11/2014;25/08/2017;3;37;13.705.583.756.345.100;3;12.666.666.666.666.600;5.131.601.439.446.880;3;6.566.666.666.666.660;4.536.885.862.938.730;2;7.142.857.142.857.140;2;3;0;2;3.5;0.7071067811865476;14;4.516.129.032.258.060;3;5.666.666.666.666.660;15.275.252.316.519.400;3;10.333.333.333.333.300;5.033.222.956.847.160;0.9411764705882353;31.979.695.431.472.000;5.126.903.553.299.490
20;https://github.com/Xeeynamo/KingdomHearts;C#;39;0;1;1;1;0;0;0;1;0;1;3089;1453;16/07/2018;09/07/2022;2;38;8.986.727.096.147.620;2;25.5;35.355.339.059.327.300;2;1544.5;12.650.140.315.427.300;31;2.922.077.922.077.920;7;4.571.428.571.428.570;3.552.329.886.011.090;7;22;2.541.653.005.427.760;64;5.408.079.142.621.590;7;9.571.428.571.428.570;6.924.765.768.773.760;7;17.328.571.428.571.400;21.142.430.819.382.600;0.8059701492537313;0.6150857882809971;9.203.625.768.857.230
1;https://github.com/strands-project/mongodb_store;C++;39;0;1;1;1;0;1;1;1;0;1;89;1211;03/11/2010;26/02/2014;2;3;4.269.662.921.348.310;2;2;14.142.135.623.730.900;2;44.5;4.949.747.468.305.830;63;3.596.837.944.664.030;9;7.111.111.111.111.110;7.704.616.220.884.140;9;2.811.111.111.111.110;4.133.837.334.863.460;79;3.710.482.529.118.130;11;72.727.272.727.272.700;76.169.667.071.729.900;11;5.463.636.363.636.360;8.324.935.162.182.670;0.9875;0;5.617.977.528.089.880
2;https://github.com/google/tink;C++;103;0;0;1;1;0;0;1;0;0;1;5055;1947;22/03/2017;22/07/2022;4;105;7.175.074.183.976.260;4;28.75;22.779.742.462.694.000;4;1263.75;13.613.327.722.003.400;535;25.543.916.196.615.600;33;16.242.424.242.424.200;34.433.840.824.679.900;33;3.760.606.060.606.060;1.006.450.878.688.130;629;2.314.709.236.031.920;40;15.75;3.736.908.773.235.860;40;43.85;12.504.369.492.711.500;0.9841269841269841;12.660.731.948.565.700;9.210.682.492.581.600
3;https://github.com/Novum/vkQuake;C++;39;0;1;1;1;0;1;0;0;0;0;1493;2203;10/07/2016;22/07/2022;5;52;6.476.892.163.429.330;5;10.8;5.449.770.637.375.480;5;298.6;28.015.495.712.194.700;254;33.463.414.634.146.300;9;28.333.333.333.333.300;3.398.896.879.871.460;9;11.388.888.888.888.800;16.892.856.807.275.400;285;3.565.604.151.223.120;12;23.833.333.333.333.300;3.511.237.371.467.190;12;11.241.666.666.666.600;20.448.003.162.493.200;0.993006993006993;10.716.677.829.872.700;9.417.280.643.000.660
4;https://github.com/NVIDIA/HugeCTR;C++;35;0;0;1;1;0;0;1;1;0;0;2022;1020;18/09/2019;14/07/2022;3;79;8.115.727.002.967.350;3;29.333.333.333.333.300;211.266.025.033.211;3;674;8.341.948.213.696.840;108;23.882.896.764.252.600;7;15.571.428.571.428.500;830.375.703.837.612;7;9.271.428.571.428.570;7.419.504.539.997.770;125;24.692.874.692.874.600;5;25.5;4.764.451.699.828.630;5;162.8;5.911.598.768.522.770;0.9285714285714286;11.374.876.360.039.500;8.961.424.332.344.210
5;https://github.com/google/zopfli;C++;15;1;1;1;1;0;1;1;0;0;0;137;3071;16/01/2013;14/06/2021;4;15;6.569.343.065.693.430;4;4.5;17.320.508.075.688.700;4;34.25;27.861.263.431.510.000;100;0;31;3.225.806.451.612.900;5.129.715.244.984.230;31;7.129.032.258.064.510;16.457.504.742.991.600;129;0;35;36.857.142.857.142.800;620.138.233.437.859;35;10.6;24.625.668.100.820.400;0.9767441860465116;29.197.080.291.970.800;781.021.897.810.219
6;https://github.com/eclipse/iceoryx;C++;43;0;0;0;1;1;1;0;1;0;1;7560;1001;23/10/2019;21/07/2022;2;59;7.560.846.560.846.560;2;35.5;4.949.747.468.305.830;2;3780;2.217.486.865.801.010;105;394.544.244.843.646;10;10.7;948.741.856.940.607;10;150.3;14.628.514.772.335.700;125;6.546.434.494.195.680;8;16.125;1.925.347.834.993.530;8;603;8.195.509.223.261.930;0.9069767441860465;5.992.063.492.063.490;9.617.724.867.724.860
7;https://github.com/eclipse/upm;C++;64;1;0;0;1;1;1;1;1;0;1;2156;2646;25/04/2014;23/07/2021;3;76;5.333.951.762.523.190;3;26.333.333.333.333.300;5.131.601.439.446.880;3;7.186.666.666.666.660;4.561.604.249.968.790;185;336.283.185.840.708;19;9.789.473.684.210.520;1.622.610.704.104.960;19;29.736.842.105.263.100;6.274.891.951.726.970;237;26.682.986.536.107.700;19;12.526.315.789.473.600;1.980.843.933.796.520;19;86;14.803.077.758.057.900;0.9873949579831933;4.823.747.680.890.530;7.973.098.330.241.180
8;https://github.com/microsoft/xlang;C++;35;0;1;1;1;1;1;0;1;0;0;483;1397;29/06/2018;26/04/2022;2;37;7.184.265.010.351.960;2;22;14.142.135.623.730.900;2;241.5;27.577.164.466.275.300;151;31.407.407.407.407.400;9;17;25.134.637.455.113.600;9;75;15.615.777.278.124.800;183;3.331.500.824.628.910;10;18.5;2.918.618.394.606.140;10;181.9;4.366.034.178.112.260;0.9621621621621622;43.478.260.869.565.200;7.722.567.287.784.670
9;https://github.com/microsoft/cppwinrt;C++;39;0;1;1;1;0;1;0;0;0;0;442;2121;14/09/2016;06/07/2022;5;43;6.651.583.710.407.230;5;9.4;48.270.073.544.588.600;5;88.4;5.540.577.587.219.580;374;30.363.036.303.630.300;16;234.375;4.308.591.223.745.100;16;1.325.625;2.653.397.743.146.190;405;32.103.688.933.200.300;15;27.066.666.666.666.600;4.278.094.814.060.950;15;200.6;3.422.582.149.697.580;0.9901477832512315;8.144.796.380.090.490;8.461.538.461.538.460
10;https://github.com/microsoft/EdgeML;C++;29;0;0;1;1;0;1;0;0;0;0;888;1457;02/08/2017;15/02/2022;4;38;7.263.513.513.513.510;4;11;6.879.922.480.183.430;4;222;22.666.715.686.221.500;72;22.5;7;10.428.571.428.571.400;9.306.935.457.982.260;7;34.285.714.285.714.200;403.968.409.891.759;93;18.592.964.824.120.600;6;15.666.666.666.666.600;12.769.755.936.064.900;6;99.5;10.113.901.324.414.800;0.9361702127659575;10.135.135.135.135.100;8.682.432.432.432.430
11;https://github.com/dedis/kyber;C++;38;1;0;1;1;1;1;1;1;0;1;2046;4566;05/01/2010;08/07/2022;3;51;3.812.316.715.542.520;3;17.333.333.333.333.300;8.621.678.104.251.700;3;682;6.262.395.707.714.420;65;38.424.821.002.386.600;10;6.7;7.498.888.806.572.160;10;41.9;52.867.654.467.442.400;92;6.021.602.160.216.020;9;10.555.555.555.555.500;9.461.911.951.491.500;9;12.344.444.444.444.400;1.434.826.741.379.520;0.9894736842105263;4.789.833.822.091.880;6.901.270.772.238.510
12;https://github.com/dyne/Tomb;C++;38;0;1;0;1;0;1;1;0;1;0;1070;4294;22/08/2010;26/05/2022;9;57;59.532.710.280.373.800;9;6.444.444.444.444.440;58.760.341.879.347.300;9;11.888.888.888.888.800;21.583.989.694.009.500;149;3.407.601.572.739.180;8;18.75;19.557.607.215.607.900;8;95.375;12.509.760.475.039.300;173;35.186.873.290.793.000;8;21.75;19.717.649.816.489.600;8;137.125;17.373.825.756.826.600;0.9942528735632183;22.429.906.542.056.000;9.289.719.626.168.220
13;https://github.com/jitsi/libjitsi;C++;38;0;0;1;1;0;1;0;0;0;1;2480;3654;11/06/2012;13/06/2022;4;49;8.762.096.774.193.540;4;13.75;4.924.428.900.898.050;4;620;6.045.714.735.799.780;109;0;23;4.739.130.434.782.600;6.968.874.901.395.800;23;1.073.913.043.478.260;1.887.089.483.667.260;155;0;23;6.739.130.434.782.600;11.608.059.078.636.800;23;59.391.304.347.826.000;13.241.729.464.442.500;0.9612903225806452;4.112.903.225.806.450;9.379.032.258.064.510
14;https://github.com/ciribob/DCS-SimpleRadioStandalone;C++;38;1;0;1;1;0;1;0;0;1;0;1181;2321;01/03/2016;10/07/2022;4;37;8.357.324.301.439.450;4;9.75;2.753.785.273.643.050;4;295.25;28.099.154.791.559.100;182;4.247.391.952.309.980;13;14.076.923.076.923.000;2.463.216.575.422.440;13;5.161.538.461.538.460;11.203.313.383.514.300;207;51.156.583.629.893.200;18;11.555.555.555.555.500;24.095.941.132.999.200;18;6.244.444.444.444.440;17.384.686.372.248.300;0.9903846153846154;0.9314140558848433;9.424.216.765.453.000
15;https://github.com/KCL-Planning/ROSPlan;C++;38;1;1;1;0;0;1;0;0;0;1;1110;2750;02/07/2014;11/01/2022;5;43;48.468.468.468.468.400;5;8.8;506.951.674.225.463;5;222;24.304.937.769.926.500;86;2.540.106.951.871.650;11;7.909.090.909.090.900;7.272.613.635.475.830;11;34;3.933.446.326.060.640;111;3.401.759.530.791.780;11;10.181.818.181.818.100;12.480.530.291.763.900;11;62;9.643.443.368.423.950;0.9910714285714286;28.828.828.828.828.800;8.765.765.765.765.760
16;https://github.com/xwp/WordPress-Coding-Standars;C++;38;0;0;1;1;1;1;0;0;1;0;768;1614;02/05/2011;03/10/2015;3;34;61.979.166.666.666.600;3;12.666.666.666.666.600;0.5773502691896257;3;256;10.394.229.168.149.000;10;6.428.571.428.571.420;3;36.666.666.666.666.600;2.081.665.999.466.130;3;14;19.924.858.845.171.200;11;61.702.127.659.574.400;3;4;26.457.513.110.645.900;3;15.666.666.666.666.600;22.810.816.147.900.800;0.6666666666666666;234.375;8.802.083.333.333.330
17;https://github.com/D4edalus/CoD4x1.8_Server_Pub;C++;38;0;0;1;1;0;1;0;1;0;1;1161;2258;26/03/2016;02/06/2022;3;37;4.702.842.377.260.980;3;14;5.291.502.622.129.180;3;387;3.365.100.295.682.130;122;32.196.452.933.151.400;17;7.294.117.647.058.820;11.351.017.057.307.800;17;4.311.764.705.882.350;9.065.379.360.025.500;132;3.250.773.993.808.040;16;8.375;10.436.314.802.968.800;16;605.625;946.093.503.130.989;0.9626865671641791;1.636.520.241.171.400;9.285.099.052.540.910
18;https://github.com/leonsoft-kras/transmission-remote-gui;C++;38;0;1;0;0;0;1;1;1;1;1;1336;4795;16/12/2008;02/02/2022;8;39;31.137.724.550.898.200;8;5.25;39.188.190.640.986.200;8;167;28.246.415.701.819.500;622;0;88;7.068.181.818.181.810;21.224.468.342.607.100;88;27.011.363.636.363.600;12.460.516.901.495.500;670;889.487.870.619.946;84;7.988.095.238.095.230;26.150.857.088.222.700;84;30.916.666.666.666.600;18.479.615.655.611.300;0.9955290611028316;0.9730538922155689;9.655.688.622.754.490
19;https://github.com/jrl-umi3218/jrl-mal;C++;38;1;1;1;0;1;1;0;0;0;0;342;3405;20/02/2007;17/06/2016;5;37;0;5;7.4;5.224.940.191.045.250;5;68.4;8.256.997.032.820.100;0;100;1;4;;1;10;;2;8.666.666.666.666.660;2;3;14.142.135.623.730.900;2;7.5;35.355.339.059.327.300;1;12.280.701.754.385.900;807.017.543.859.649
20;https://github.com/apache/cordova-plugin-device-orientation;C++;38;0;1;1;0;1;1;0;1;0;0;227;3097;26/04/2013;18/10/2021;9;47;29.955.947.136.563.800;9;5.333.333.333.333.330;5.809.475.019.311.120;9;2.522.222.222.222.220;3.674.159.011.861.680;19;0;6;31.666.666.666.666.600;1.834.847.859.269.710;6;38.333.333.333.333.300;248.327.740.429.189;62;0;12;5.166.666.666.666.660;49.144.191.062.133.800;12;11.916.666.666.666.600;15.617.346.610.468.600;0.9838709677419355;28.193.832.599.118.900;6.475.770.925.110.130
1;https://github.com/pivotal-golang/lager;Go;39;1;1;1;0;1;1;1;0;0;1;115;2686;16/05/2014;22/09/2021;8;47;0;8;5.875;438.951.673.226.759;5;14.375;153.524.079.079.286;30;40;7;4.571.428.571.428.570;34.572.215.654.165.000;7;10;1.004.987.562.112.080;49;36.486.486.486.486.400;8;6.375;5.527.528.509.973.640;8;18.5;23.784.749.015.162.700;1;6.608.695.652.173.910;37.391.304.347.826.000
2;https://github.com/ReactiveX/RxGo;Go;36;1;1;1;1;0;1;1;0;1;0;719;2184;26/07/2016;20/07/2022;6;42;4.714.881.780.250.340;6;7.166.666.666.666.660;4.400.757.510.550.500;6;11.983.333.333.333.300;178.100.439.827.269;103;37.920.489.296.636.000;7;14.857.142.857.142.800;18.703.195.550.748.100;7;46.714.285.714.285.700;7.413.661.777.582.040;133;3.598.326.359.832.630;8;16.75;1.535.996.651.782.060;8;89.625;11.297.020.782.995.300;0.9925373134328358;152.990.264.255.911;8.539.638.386.648.120
3;https://github.com/uber/cadence;Go;107;1;0;1;1;1;0;1;1;0;0;3093;2095;25/10/2016;22/07/2022;3;120;5.732.298.739.088.260;3;42.333.333.333.333.300;20.207.259.421.636.900;3;1.031;9.252.529.383.903.620;317;0;18;1.761.111.111.111.110;30.444.044.890.274.400;18;16.966.666.666.666.600;4.423.542.631.394.510;393;0;14;28.071.428.571.428.500;436.021.599.424.656;14;9.300.714.285.714.280;2.157.610.518.224.180;0.9821882951653944;2.424.830.261.881.660;9.256.385.386.356.280
4;https://github.com/microsoft/hcsshim;Go;85;0;0;1;1;1;0;0;1;0;1;2962;2579;29/06/2015;22/07/2022;3;108;4.054.692.775.151.920;3;37.666.666.666.666.600;21.455.380.055.672.100;3;9.873.333.333.333.330;8.984.488.484.790.510;263;0;31;8.483.870.967.741.930;18.178.505.563.333.000;31;1.670.967.741.935.480;5.234.067.478.127.440;350;0;28;12.5;3.608.169.742.250.060;28;14.135.714.285.714.200;7.120.412.604.714.390;0.9857142857142858;5.232.950.708.980.410;9.328.156.650.911.540
5;https://github.com/PuerkitoBio/goquery;Go;37;0;1;1;1;0;1;0;1;0;0;349;3572;29/08/2012;10/06/2022;11;40;8.051.575.931.232.090;11;3.727.272.727.272.720;5.120.369.304.862.860;11;31.727.272.727.272.700;907.062.190.911.857;325;4.289.855.072.463.760;64;509.375;241.442.219.253.583;64;1.078.125;6.470.555.255.730.400;378;4.410.377.358.490.560;69;5.492.753.623.188.400;2.854.801.074.166.200;69;12.289.855.072.463.700;7.818.080.504.778.560;0.9973614775725593;6.876.790.830.945.550;8.166.189.111.747.850
6;https://github.com/ajvb/kala;Go;37;1;1;1;0;0;1;1;1;0;0;531;2506;14/03/2015;23/01/2022;9;41;50.847.457.627.118.600;9;4.666.666.666.666.660;3.391.164.991.562.630;9;59;9.786.853.426.919.190;49;4.481.132.075.471.690;9;5.555.555.555.555.550;5.918.426.968.188.230;9;23.555.555.555.555.500;405.712.678.847.701;89;36.456.211.812.627.200;13;6.923.076.923.076.920;9.801.883.649.427.950;13;3.776.923.076.923.070;7.106.705.031.887.590;0.9888888888888889;6.214.689.265.536.720;7.514.124.293.785.310
7;https://github.com/tockins/realize;Go;37;1;1;1;1;0;1;0;0;1;0;908;1392;12/07/2016;04/05/2020;5;35;8.887.665.198.237.880;5;7.4;461.519.230.368.573;5;181.6;33.303.948.714.829.500;211;27.864.583.333.333.300;30;7.066.666.666.666.660;15.778.495.477.713.600;30;12.8;39.401.032.718.830.400;245;3.385.689.354.275.740;33;7.454.545.454.545.450;1.772.725.815.850.210;33;17.363.636.363.636.300;5.989.564.789.167.600;0.991869918699187;2.092.511.013.215.850;936.123.348.017.621
8;https://github.com/phrase/phraseapp-client;Go;37;1;1;0;0;1;0;0;1;1;0;665;2102;17/03/2015;17/12/2020;6;35;27.669.172.932.330.800;6;6.166.666.666.666.660;7.652.886.165.798.270;6;11.083.333.333.333.300;1.780.914.559.058.530;68;0;5;13.6;48.270.073.544.588.600;5;33.6;16.592.166.826.548.000;79;19.143.576.826.196.400;5;16;10.793.516.572.461.400;5;79.4;6.329.533.948.088.120;0.975;2.631.578.947.368.420;669.172.932.330.827
9;https://github.com/golang/gddo;Go;37;0;1;1;1;0;1;1;0;0;0;517;2683;11/09/2013;15/01/2021;5;76;17.408.123.791.102.500;5;15.4;11.458.621.208.504.900;5;103.4;11.022.386.311.502.600;423;0;60;7.05;17.492.298.547.491.500;60;20.75;6.217.379.277.858.610;469;0;56;8.375;21.311.168.646.766.100;56;29.857.142.857.142.800;8.868.031.011.784.630;0.997867803837953;6.769.825.918.762.080;7.524.177.949.709.860
10;https://github.com/GoogleCloudPlatform/container-engine-accelerators;Go;37;0;1;1;1;0;1;1;0;1;0;411;1772;23/08/2017;30/06/2022;5;36;1.070.559.610.705.590;5;7.4;5.594.640.292.279.740;5;82.2;8.400.714.255.347.570;86;0;21;4.095.238.095.238.090;5.708.806.897.283.890;21;5.809.523.809.523.800;11.057.210.532.584.800;129;0;20;6.45;11.047.624.178.980.700;20;31.8;8.688.443.625.389.930;0.9922480620155039;875.912.408.759.124;829.683.698.296.837
11;https://github.com/tcnksm/ghr;Go;39;0;1;1;1;1;1;0;0;0;0;365;2517;24/07/2014;15/06/2021;6;39;0;6;6.5;5.049.752.469.181.030;6;60.833.333.333.333.300;8.301.907.411.352.320;57;0;22;2.590.909.090.909.090;300.252.419.060.222;22;4.181.818.181.818.180;7.575.878.786.909.100;89;0;20;4.45;839.470.384.418.527;20;11.65;2.940.332.061.447.980;1;410.958.904.109.589;8.136.986.301.369.860
12;https://github.com/ncw/swift;Go;38;0;1;1;1;0;1;0;0;0;0;325;3252;11/11/2012;07/10/2021;8;49;5.846.153.846.153.840;8;6.25;6.541.078.984.824.620;8;40.625;7.526.512.662.391.710;72;42.168.674.698.795.100;16;45.625;1.007.947.584.616.050;16;10.375;2.887.184.326.178.930;109;4.213.483.146.067.410;16;6.875;15.195.942.440.884.200;16;22.25;57.839.432.915.615.600;0.990909090909091;15.076.923.076.923.000;7.938.461.538.461.530
13;https://github.com/99designs/keyring;Go;38;0;1;1;1;1;1;1;0;0;0;239;2399;11/08/2015;07/03/2022;6;37;25.523.012.552.301.200;6;6.333.333.333.333.330;60.882.400.303.098;6;39.833.333.333.333.300;5.728.670.584.583.010;66;0;21;3.142.857.142.857.140;4.430.414.363.078.400;21;4.809.523.809.523.800;8.914.140.719.211.510;104;22.033.898.305.084.700;22;47.727.272.727.272.700;7.733.241.901.235.870;22;10.727.272.727.272.700;2.366.468.499.721.290;0.9904761904761905;11.715.481.171.548.100;6.778.242.677.824.260
14;https://github.com/UniversityRadioYork/2016-site;Go;38;1;1;1;0;0;0;1;1;0;1;45;90;17/01/2016;16/04/2016;1;0;100;1;5;;1;45;;13;6.265.822.784.810.120;4;4;0.816496580927726;4;39.5;2.033.879.708.012.900;28;6.413.043.478.260.860;3;10.666.666.666.666.600;0.5773502691896257;3;24.533.333.333.333.300;7.452.739.988.308.550;0.84375;0;0
15;https://github.com/docker/go-plugins-helpers;Go;38;1;1;1;0;0;1;0;0;0;0;176;2199;16/12/2015;24/12/2021;7;40;3.238.636.363.636.360;7;6.142.857.142.857.140;4.220.133.150.686.570;7;25.142.857.142.857.100;2.447.739.481.936.050;45;0;19;23.684.210.526.315.700;245.425.993.180.541;19;4.052.631.578.947.360;6.150.643.003.518.010;95;1.829.268.292.682.920;23;4.173.913.043.478.260;61.470.774.572.004.600;23;1.426.086.956.521.730;2.834.882.936.705.170;0.96875;21.022.727.272.727.200;4.431.818.181.818.180
16;https://github.com/jhillyerd/enmime;Go;38;1;1;1;1;0;1;1;0;0;0;482;3530;03/11/2012;04/07/2022;7;47;7.033.195.020.746.880;7;6.857.142.857.142.850;56.103.645.582.252.900;7;6.885.714.285.714.280;12.962.436.572.834.600;52;4.906.542.056.074.760;9;5.888.888.888.888.880;8.283.182.426.526.110;9;2.377.777.777.777.770;4.623.520.784.471.980;74;4.162.436.548.223.350;8;9.375;12.760.849.725.401.700;8;73.875;1.207.079.563.006.750;0.9866666666666667;6.224.066.390.041.490;8.319.502.074.688.790
17;https://github.com/dgrijalva/jwt-go;Go;38;1;1;1;0;0;1;1;1;0;0;330;3393;18/04/2012;02/08/2021;16;54;7.363.636.363.636.360;16;34.375;32.242.570.203.588.500;16;20.625;6.685.992.820.815.760;529;2.134.831.460.674.150;106;5;1.921.457.779.916.070;106;7.556.603.773.584.900;3.896.960.480.723.380;691;23.630.417.007.358.900;130;5.323.076.923.076.920;21.863.996.593.676.500;130;9.407.692.307.692.300;5.327.283.819.365.090;0.9985549132947977;13.636.363.636.363.600;7.484.848.484.848.480
18;https://github.com/getlantern/systray;Go;38;1;1;1;0;1;1;0;0;0;0;209;2202;17/03/2016;29/03/2022;4;36;3.827.751.196.172.240;4;9.5;3.696.845.502.136.470;4;52.25;314.364.438.192.363;199;0;62;32.096.774.193.548.300;5.657.251.539.060.550;62;4.806.451.612.903.220;10.178.470.865.987.200;234;0;66;35.454.545.454.545.400;6.757.746.138.109.420;66;6.409.090.909.090.900;15.903.533.494.867.600;0.9914529914529915;1.674.641.148.325.350;7.033.492.822.966.500
19;https://github.com/mattn/go-oci8;Go;39;1;1;1;1;0;1;0;1;0;0;526;3237;29/02/2012;09/01/2021;9;38;45.627.376.425.855.500;9;4.333.333.333.333.330;38.405.728.739.343.000;9;5.844.444.444.444.440;9.806.899.498.708.940;278;45.534.591.194.968.500;21;13.333.333.333.333.300;21.911.944.992.020.500;21;37.857.142.857.142.800;7.939.224.503.330.640;305;5.286.225.402.504.470;25;12.28;21.290.686.539.736.800;25;44.72;10.915.834.064.941.300;0.996742671009772;4.562.737.642.585.550;8.650.190.114.068.440
20;https://github.com/openwhisk/openwhisk-wskdeploy;Go;38;1;1;1;1;0;1;0;0;1;0;580;2041;06/10/2016;09/05/2022;5;44;5.586.206.896.551.720;5;9.4;8.049.844.718.999.240;5;116;11.063.905.277.974.800;70;50.582.362.728.785.300;11;6.545.454.545.454.540;7.132.511.988.964.840;11;10.927.272.727.272.700;17.241.814.922.396.700;89;4.850.136.239.782.010;10;9.1;8.621.033.709.609.430;10;256.9;36.412.130.152.220.100;0.967032967032967;4.655.172.413.793.100;8.620.689.655.172.410
1;https://github.com/google/nomulus;Java;43;0;0;1;1;1;0;0;1;0;1;4079;2331;01/03/2016;20/07/2022;3;44;6.972.297.131.649.910;3;19;17.320.508.075.688.700;3;13.596.666.666.666.600;13.242.259.374.190.300;34;11.688.311.688.311.600;12;29.166.666.666.666.600;26.443.192.398.846.700;12;6.416.666.666.666.660;857.542.295.096.159;65;3.444.401.394.808.210;9;7.444.444.444.444.440;982.485.510.212.633;9;5.735.555.555.555.550;9.305.467.628.108.630;0.8059701492537313;13.974.013.238.538.800;9.798.970.335.866.630
2;https://github.com/apache/helix;Java;48;1;0;1;1;1;1;1;0;1;0;4269;4046;22/06/2011;21/07/2022;3;92;24.010.306.863.434.000;3;31.666.666.666.666.600;832.666.399.786.453;3;1.423;9.780.199.384.470.640;63;0;18;3.5;44.622.600.446.278.700;18;6.411.111.111.111.110;12.428.945.764.241.500;110;143.964.794.635.373;10;11.1;1.815.029.843.648.120;10;477.2;10.928.989.787.614.300;0.972972972972973;5.270.555.165.144.060;9.383.930.662.918.710
3;https://github.com/android/android-test;Java;31;0;1;1;1;0;1;0;0;1;1;1184;2536;11/08/2015;21/07/2022;5;28;8.868.243.243.243.240;5;6.4;48.270.073.544.588.600;5;236.8;32.304.906.748.046.800;514;18.441.814.595.660.700;72;7.152.777.777.777.770;21.101.805.357.797.500;72;14.083.333.333.333.300;62.260.866.464.881.000;558;25.372.124.492.557.500;74;7.554.054.054.054.050;23.498.261.020.993.300;74;39.945.945.945.945.900;2.221.868.208.051.590;0.9928443649373881;2.195.945.945.945.940;9.662.162.162.162.160
4;https://github.com/aakashns/react-native-dialogs;Java;39;0;1;1;0;1;1;0;1;0;0;179;2014;31/10/2015;07/05/2021;8;38;32.960.893.854.748.600;8;4.875;3.181.980.515.339.460;8;22.375;2.469.203.168.172.730;91;19.473.684.210.526.300;14;6.571.428.571.428.570;7.939.330.389.457.730;14;13.571.428.571.428.500;21.795.251.020.187.100;122;20.625;16;76.875;11.306.156.140.203.700;16;20;3.612.386.099.703.810;0.991869918699187;13.966.480.446.927.300;7.541.899.441.340.780
5;https://github.com/sedmelluq/lavaplayer;Java;39;1;1;1;1;0;1;0;0;0;0;517;1730;02/10/2016;28/06/2021;5;38;8.452.611.218.568.660;5;7.8;4.024.922.359.499.620;5;103.4;19.807.397.607.964.500;460;1.829.268.292.682.920;52;8.865.384.615.384.610;2.111.130.990.089.250;52;20.5;5.973.848.235.860.870;519;2.093.189.964.157.700;52;10;26.570.660.511.172.800;52;26.826.923.076.923.000;9.194.621.640.891.770;0.9980769230769231;30.947.775.628.626.600;9.148.936.170.212.760
6;https://github.com/bugsnag/bugsnag-unity;Java;39;1;1;1;0;1;1;0;1;0;1;1913;3499;12/12/2012;12/07/2022;5;36;2.341.871.406.168.320;5;7.8;6.220.932.405.998.310;5;382.6;46.856.568.376.269.200;63;0;7;9;483.045.891.539.648;7;25.428.571.428.571.400;1.974.721.197.922.330;87;0;3;29;3;3;4.623.333.333.333.330;48.346.389.041.306.200;0.9655172413793104;4.391.008.886.565.600;7.762.676.424.464.190
7;https://github.com/eclipse/ditto;Java;31;0;0;1;1;1;0;0;1;0;1;9596;1928;10/04/2017;22/07/2022;3;40;876.094.205.919.133;3;19.666.666.666.666.600;16.653.327.995.729.000;3;31.986.666.666.666.600;2.769.309.721.452.860;121;4.146.666.666.666.660;8;15.25;17.185.957.723.011.600;8;93.75;13.317.416.094.294.300;136;40.024.293.956.878.200;7;19.571.428.571.428.500;2.782.598.990.666.300;7;47.042.857.142.857.100;75.827.124.811.263;0.8613138686131386;13.234.681.117.132.100;986.348.478.532.722
8;https://github.com/eclipse/sw360;Java;38;1;1;1;1;1;1;0;0;1;0;1324;1556;17/04/2018;22/07/2022;2;55;46.676.737.160.120.800;2;29.5;77.781.745.930.520.200;2;662;21.213.203.435.596.400;100;33.026.396.562.308.100;9;11.222.222.222.222.200;1.190.354.755.711.270;9;181;2.272.850.633.015.720;119;25.869.809.203.142.500;7;17.142.857.142.857.100;20.415.913.494.368.100;7;50.914.285.714.285.700;6.558.509.557.746.150;0.9666666666666667;38.519.637.462.235.600;93.202.416.918.429
9;https://github.com/eclipse/reddeer;Java;35;0;0;1;1;1;0;0;1;1;0;1637;3604;24/07/2012;07/06/2022;3;42;7.501.527.183.872.930;3;16.666.666.666.666.600;5.131.601.439.446.880;3;5.456.666.666.666.660;3.745.988.965.991.930;48;33.691.275.167.785.200;4;12.5;4.654.746.681.256.310;4;372.5;3.684.322.642.404.340;62;30.428.360.413.589.300;4;16;7.874.007.874.011.810;4;1184.75;14.118.317.593.348.900;0.875;19.975.565.058.032.900;9.437.996.334.758.700
10;https://github.com/jMonkeyEngine/sdk;Java;39;1;1;1;1;0;1;0;0;0;1;2158;4134;14/03/2011;09/07/2022;4;33;3.433.734.939.759.030;4;9;39.157.800.414.902.400;4;539.5;4.961.246.483.159.910;114;31.968.503.937.007.800;11;10.454.545.454.545.400;7.672.856.526.270.200;11;5.772.727.272.727.270;7.527.694.322.844.260;120;3.361.753.958.587.080;11;11;812.403.840.463.596;11;7.463.636.363.636.360;9.759.228.732.566.180;0.9752066115702479;0.27803521779425394;9.439.295.644.114.920
11;https://github.com/wyvernlang/wyvern;Java;38;1;1;1;1;0;1;0;0;0;1;3490;3508;21/11/2012;01/07/2022;4;53;4.515.759.312.320.910;4;14;5.354.126.134.736.330;4;872.5;6.575.705.285.366.730;23;42.672.413.793.103.400;7;34.285.714.285.714.200;2.370.453.040.886.400;7;33.142.857.142.857.100;4.983.114.344.607.050;40;42.876.165.113.182.400;7;5.857.142.857.142.850;44.131.837.120.372.000;7;10.728.571.428.571.400;14.431.991.579.556.100;0.926829268292683;0.3151862464183381;8.355.300.859.598.850
12;https://github.com/tibbi/Simple-Calculator;Java;38;1;0;1;1;0;0;1;0;1;0;1028;3292;24/12/2015;12/07/2022;3;110;7.120.622.568.093.380;3;37;20.808.652.046.684.800;3;3.426.666.666.666.660;45.450.449.209.367.900;106;39.467.849.223.946.700;15;4.333.333.333.333.330;93.554.160.529.508;15;11.066.666.666.666.600;31.063.222.780.706.600;157;413.290.113.452.188;9;17.555.555.555.555.500;3.663.369.729.876.820;9;6.855.555.555.555.550;14.612.675.243.697.700;0.9936708860759493;4.474.708.171.206.220;8.035.019.455.252.910
13;https://github.com/wso2/jaggery;Java;38;0;1;1;0;1;0;0;0;1;0;816;3014;05/08/2012;05/11/2020;9;72;3.541.666.666.666.660;9;8.222.222.222.222.220;10.059.544.942.215.000;9;9.066.666.666.666.660;1.542.862.599.196.700;56;0;23;24.347.826.086.956.500;26.427.617.606.057.700;23;24.347.826.086.956.500;26.427.617.606.057.700;127;0;25;5.08;7.836.453.279.386.020;25;17.2;3.579.920.855.735.960;0.984251968503937;6.740.196.078.431.370;8.370.098.039.215.680
14;https://github.com/cloudant/java-cloudant;Java;38;1;0;1;1;0;1;0;0;1;0;998;3776;29/09/2011;31/01/2022;4;37;4.859.719.438.877.750;4;9.5;33.166.247.903.554;4;249.5;2.637.833.707.167.050;128;32.857.142.857.142.800;8;16.125;14.297.227.503.460.700;8;70;8.154.402.842.286.220;143;32.918.800.292.611.500;9;16;13.105.342.422.081.100;9;15.188.888.888.888.800;18.126.668.505.577.900;0.9930555555555556;39.078.156.312.625.200;877.755.511.022.044
15;https://github.com/oblador/react-native-progress;Java;38;0;1;1;0;1;1;0;1;0;0;146;2080;31/10/2015;11/07/2021;7;37;726.027.397.260.274;7;5.428.571.428.571.420;4.353.433.237.386.430;7;20.857.142.857.142.800;4.461.101.721.708.270;524;0;96;5.458.333.333.333.330;11.662.731.165.795.300;96;634.375;16.294.544.211.257.600;617;0;100;6.17;16.819.334.112.859.500;100;8.15;29.267.272.375.867.700;0.9983792544570502;14.383.561.643.835.600;726.027.397.260.274
16;https://github.com/ronancpl/MapleSolaxiaV2;Java;38;0;0;1;1;0;1;0;0;0;0;400;1522;28/10/2015;28/12/2019;4;37;70.75;4;9.5;20.816.659.994.661.300;4;100;1.317.750.608.676.260;112;42.906.976.744.186.000;10;11.3;16.282.574.189.059.300;10;86;13.761.863.568.895.300;139;42.857.142.857.142.800;11;12.727.272.727.272.700;19.693.099.852.948.000;11;10.627.272.727.272.700;17.841.922.032.622.500;0.9928571428571429;3.25;74.5
17;https://github.com/schemaspy/schemaspy;Java;38;0;1;1;1;0;1;0;0;1;0;1261;2220;10/06/2016;09/07/2022;6;51;7.160.983.346.550.350;6;8.833.333.333.333.330;3.488.074.922.742.720;6;21.016.666.666.666.600;2.733.074.581.248.500;337;37.043.633.125.556.500;24;14.083.333.333.333.300;34.353.553.916.104.000;24;46.791.666.666.666.600;13.899.796.031.242.500;365;4.101.904.271.744.720;26;14.076.923.076.923.000;33.787.480.612.703.900;26;7.473.076.923.076.920;22.902.498.688.000.000;0.994535519125683;3.409.992.069.785.880;8.580.491.673.275.170
18;https://github.com/dmusican/Elegit;Java;38;0;0;1;0;0;1;0;1;1;0;1473;888;09/06/2015;13/11/2017;3;33;3.306.177.868.295.990;3;12.666.666.666.666.600;68.068.592.855.540.400;3;491;44.782.585.901.218.300;24;5.555.555.555.555.550;4;6.5;33.166.247.903.554;4;252;15.901.572.249.309.100;24;5.560.578.661.844.480;4;6.5;33.166.247.903.554;4;276.5;18.104.603.466.153.700;0.8076923076923077;22.063.815.342.837.700;56.754.921.928.038.000
19;https://github.com/typetools/annotation-tools;Java;38;1;0;1;1;0;1;0;0;1;0;2177;4753;06/07/2009;12/07/2022;4;33;5.378.961.874.138.720;4;9;14.142.135.623.730.900;4;544.25;4.426.318.071.113.580;19;25.352.112.676.056.300;5;4;3.082.207.001.484.480;5;42.6;52.271.407.097.953.600;27;55.348.837.209.302.300;4;7;270.801.280.154.532;4;161.25;14.649.544.930.361.000;0.8928571428571429;0.8268259072117593;9.751.952.227.836.470
20;https://github.com/ikarus23/MifareClassicTool;Java;38;0;1;1;1;0;1;1;0;0;1;1061;3380;12/02/2013;16/05/2022;8;48;8.944.392.082.940.620;8;6.125;4.580.626.906.564.520;8;132.625;3.398.322.853.156.490;302;3.979.289.940.828.400;15;20.2;4.153.690.269.765.290;15;4.506.666.666.666.660;11.780.823.804.972.600;366;3.961.661.341.853.030;16;229.375;4.829.557.433.140.220;16;586.875;15.487.316.046.795.600;0.997275204359673;18.850.141.376.060.300;9.519.321.394.910.460
1;https://github.com/react-native-fellowship/react-native-navbar;JavaScript;37;0;1;1;1;1;1;0;0;0;0;315;1899;30/03/2015;11/06/2020;7;45;6.126.984.126.984.120;7;6.571.428.571.428.570;4.353.433.237.386.430;7;45;7.268.883.453.919.630;229;30.023.094.688.221.700;37;6.216.216.216.216.210;15.039.088.209.534.900;37;11.702.702.702.702.700;3.860.545.792.218.220;285;31.663.974.151.857.800;50;5.72;15.911.797.702.410.900;50;12.38;48.266.221.762.898.500;0.9965034965034965;24.444.444.444.444.400;673.015.873.015.873
2;https://github.com/HubSpot/tether;JavaScript;37;0;1;1;1;0;1;1;0;1;1;1399;3189;15/10/2013;04/07/2022;5;74;0;5;14.8;10.686.440.005.914.000;7;279.8;3.124.143.082.510.780;270;15.384.615.384.615.300;28;9.678.571.428.571.420;18.557.325.740.104.300;28;19.5;4.300.516.764.813.780;376;0;31;12.129.032.258.064.500;23.170.012.135.637.500;31;35.225.806.451.612.900;8.984.383.105.419.430;1;407.433.881.343.817;7.248.034.310.221.580
3;https://github.com/assetgraph/assetgraph;JavaScript;37;0;0;1;1;0;1;1;1;1;1;6120;4215;24/12/2010;09/07/2022;3;35;7.225.490.196.078.430;3;12.333.333.333.333.300;20.816.659.994.661.300;3;2.040;21.701.375.532.440.300;45;8.013.100.436.681.220;4;11.75;9.742.518.497.116.980;4;114.5;12.451.907.484.397.700;65;6.944.567.627.494.450;5;13.4;960.728.889.958.036;5;451;39.281.547.831.010.900;0.9701492537313433;0.7026143790849674;9.859.477.124.183.000
4;https://github.com/chieffancypants/angular-loading-bar;JavaScript;37;0;1;1;0;0;1;1;0;0;0;195;1249;10/09/2013;10/02/2017;6;36;7.025.641.025.641.020;6;6.166.666.666.666.660;35.449.494.589.721.100;6;32.5;5.658.533.378.888.910;469;24.278.215.223.097.100;62;7.580.645.161.290.320;22.512.326.959.928.200;62;12.290.322.580.645.100;4.759.232.170.361.240;592;24.929.178.470.254.900;82;72.317.073.170.731.700;2.440.820.484.418.600;82;12.914.634.146.341.400;5.794.595.208.851.730;0.9983136593591906;1.641.025.641.025.640;7.794.871.794.871.790
5;https://github.com/terraform-google-modules/terraform-google-log-export;JavaScript;37;1;1;1;0;1;1;0;0;0;0;157;1459;03/07/2018;01/07/2022;6;37;89.171.974.522.293;6;6.333.333.333.333.330;7.201.851.613.763.410;6;26.166.666.666.666.600;43.951.867.612.954.300;27;17.391.304.347.826.000;8;3.5;3.116.774.889.895.910;8;8.625;10.225.144.078.621.600;59;31.313.131.313.131.300;6;10.166.666.666.666.600;12.843.935.014.888.000;6;49.5;7.228.761.996.358.710;0.9836065573770492;2.929.936.305.732.480;5.414.012.738.853.500
6;https://github.com/govau/uikit;JavaScript;37;1;0;1;1;1;1;1;1;1;0;2786;1681;11/01/2017;20/08/2021;3;36;0;3;12;55.677.643.628.300.200;3;9.286.666.666.666.660;7.446.155.607.649.710;84;18.335.208.098.987.600;9;9.444.444.444.444.440;9.029.273.380.387.690;9;9.877.777.777.777.770;13.283.239.230.114.100;96;1.775.887.943.971.980;8;12.125;12.654.050.734.843.700;8;249.875;2.891.739.157.867.260;1;5.387.652.548.456.560;8.600.143.575.017.940
7;https://github.com/zauberlabs/gnip4j;JavaScript;37;1;1;1;0;1;1;0;1;0;0;402;2188;28/04/2011;25/04/2017;7;37;0;7;5.285.714.285.714.280;3.498.298.906.339.370;7;5.742.857.142.857.140;694.978.588.227.895;23;3.846.153.846.153.840;6;4;35.777.087.639.996.600;6;8.666.666.666.666.660;13.125.039.682.479.600;42;379.746.835.443.038;6;7.166.666.666.666.660;8.035.338.615.557.320;6;26.333.333.333.333.300;39.327.683.210.007;1;16.169.154.228.855.700;7.412.935.323.383.080
8;https://github.com/Cybros/Cybros-Web-Application;JavaScript;37;0;0;1;1;0;0;0;0;0;0;217;640;09/09/2017;11/06/2019;2;2;9.723.502.304.147.460;2;18;21.213.203.435.596.400;2;108.5;38.890.872.965.260.100;33;3.364.485.981.308.410;3;11.333.333.333.333.300;0.5773502691896257;3;35.666.666.666.666.600;11.930.353.445.448.800;64;35.714.285.714.285.700;6;10.833.333.333.333.300;1.430.268.040.147.250;6;49;7.165.193.647.069.140;0.47692307692307695;4.147.465.437.788.010;3.456.221.198.156.680
9;https://github.com/dato-code/userguide;JavaScript;37;0;0;1;1;0;0;0;1;1;1;594;434;21/05/2015;29/07/2016;3;22;8.333.333.333.333.330;3;14.666.666.666.666.600;9.073.771.725.877.460;3;198;2.670.898.725.148.520;14;0;5;2.8;13.038.404.810.405.200;5;3.4;26.076.809.620.810.500;41;28.037.383.177.570.000;7;6;4.898.979.485.566.350;7;30.571.428.571.428.500;38.047.589.248.453.600;0.47619047619047616;15.824.915.824.915.800;7.626.262.626.262.620
10;https://github.com/kriasoft/node-sqlite;JavaScript;39;0;0;1;1;1;0;0;1;0;0;221;2388;03/01/2016;19/07/2022;4;39;52.488.687.782.805.400;4;10;5.715.476.066.494.080;4;55.25;6.067.055.848.322.690;114;3.448.275.862.068.960;25;4.6;10.062.305.898.749.000;25;8.12;2.456.169.103.841.720;148;3.708.206.686.930.090;25;5.96;132.208.169.187.838;25;13.16;4.030.785.696.775.910;0.9932885906040269;995.475.113.122.172;746.606.334.841.629
11;https://github.com/Deepwalker/trafaret;JavaScript;38;1;1;1;1;0;1;0;1;1;0;414;3978;11/05/2011;01/04/2022;12;59;55.072.463.768.115.900;12;5;4.631.905.164.675.270;12;34.5;7.306.099.568.791.190;41;31.967.213.114.754.100;6;7;7.615.773.105.863.900;6;20.333.333.333.333.300;2.742.018.721.064.220;60;36.4;7;8.714.285.714.285.710;10.812.250.547.631.600;7;35.714.285.714.285.700;51.298.844.320.037.300;0.9836065573770492;9.178.743.961.352.650;6.304.347.826.086.950
12;https://github.com/lo1tuma/eslint-plugin-mocha;JavaScript;39;0;1;1;1;0;1;1;0;1;0;614;2914;27/07/2014;20/07/2022;5;55;6.140.065.146.579.800;5;11.2;19.235.384.061.671.300;5;122.8;16.404.481.095.115.400;121;4.117.647.058.823.520;15;8.133.333.333.333.330;168.432.549.732.894;15;18.133.333.333.333.300;4.653.856.567.663.090;160;4.698.795.180.722.890;13;12.384.615.384.615.300;24.706.741.527.831.500;13;5.107.692.307.692.300;12.958.746.180.248.400;0.9937888198757764;1.465.798.045.602.600;760.586.319.218.241
13;https://github.com/terrillo/rn-apple-healthkit;JavaScript;38;1;1;1;1;1;1;0;0;0;0;447;1752;27/06/2016;14/04/2021;7;39;0;7;5.571.428.571.428.570;2.370.453.040.886.400;7;63.857.142.857.142.800;10.023.211.157.346.800;171;0;47;36.382.978.723.404.200;51.305.798.126.226.400;47;5.574.468.085.106.380;9.865.937.626.723.270;267;0;55;48.545.454.545.454.500;9.440.688.498.547.090;55;8.763.636.363.636.360;2.170.932.862.837.880;1;4.250.559.284.116.330;2.080.536.912.751.670
14;https://github.com/purescript/purescript-transformers;JavaScript;39;0;1;1;1;0;1;0;1;0;0;321;2986;22/02/2014;27/04/2022;8;37;5.950.155.763.239.870;8;4.875;4.642.582.409.453.960;8;40.125;59.991.517.257.501.800;37;21.008.403.361.344.500;5;7.6;409.878.030.638.384;5;23.8;14.532.721.699.667.900;58;45.892.351.274.787.500;5;12;10.099.504.938.362.000;5;70.6;6.461.656.134.459.640;0.9666666666666667;8.722.741.433.021.800;8.598.130.841.121.490
15;https://github.com/rmcauley/rainwave;JavaScript;38;0;1;1;1;0;1;1;0;0;1;3608;4147;02/01/2011;11/05/2022;5;35;713.968.957.871.397;5;7.6;433.589.667.773.576;5;721.6;8.084.718.919.047.210;16;5.652.173.913.043.470;3;5.666.666.666.666.660;4.041.451.884.327.380;3;23;25.942.243.542.145.600;36;5.083.056.478.405.310;4;9.25;10.719.919.153.924.000;4;75.25;8.983.085.958.251.390;0.918918918918919;16.352.549.889.135.200;9.703.436.807.095.340
16;https://github.com/openwisp/django-freeradius;JavaScript;38;0;0;1;1;0;1;0;0;0;0;380;1211;17/05/2017;10/09/2020;3;37;61.578.947.368.421.000;3;12.666.666.666.666.600;4.509.249.752.822.890;3;12.666.666.666.666.600;1.468.888.468.650.130;31;38.775.510.204.081.600;5;6.4;29.664.793.948.382.600;5;49;4.109.136.162.260.870;58;5.020.242.914.979.750;4;15;9.055.385.138.137.410;4;185.25;1.783.617.578.593.190;0.9833333333333333;5.263.157.894.736.840;7.763.157.894.736.840
17;https://github.com/Asana/java-asana;JavaScript;38;1;1;1;1;1;1;0;0;1;0;298;2674;04/03/2015;30/06/2022;6;38;0;6;6.333.333.333.333.330;5.750.362.307.426.080;6;49.666.666.666.666.600;5.919.346.810.811.700;48;0;11;4.363.636.363.636.360;4.105.428.778.403.710;11;9.545.454.545.454.540;11.724.876.428.889.400;63;0;11;57.272.727.272.727.200;6.373.239.507.360.580;11;24;3.499.142.752.160.870;1;30.201.342.281.879.100;4.463.087.248.322.140
18;https://github.com/koajs/generic-session;JavaScript;38;0;1;1;1;1;1;0;1;0;0;220;2935;28/12/2013;11/01/2022;7;37;690.909.090.909.091;7;5.428.571.428.571.420;5.159.365.040.297.840;7;31.428.571.428.571.400;6.312.383.898.036.500;88;21.714.285.714.285.700;14;6.357.142.857.142.850;9.052.047.306.524.660;14;12.5;225.686.985.412.574;119;2.478.386.167.146.970;14;8.571.428.571.428.570;13.619.636.760.740.100;14;24.785.714.285.714.200;50.747.002.293.320.100;0.9916666666666667;11.363.636.363.636.300;8.272.727.272.727.270
19;https://github.com/aexmachina/factory-girls;JavaScript;39;0;1;1;1;0;1;0;0;0;0;323;2520;28/12/2011;22/11/2018;6;38;6.099.071.207.430.340;6;6.5;5.394.441.583.704.470;6;53.833.333.333.333.300;8.571.911.494.332.320;99;27.368.421.052.631.500;18;5.555.555.555.555.550;1.058.424.035.020.220;18;10.555.555.555.555.500;2.906.832.159.347.070;145;3.352.112.676.056.330;25;5.84;11.516.944.039.110.300;25;14.2;40.113.380.976.094.900;0.9931506849315068;6.191.950.464.396.280;7.306.501.547.987.610
20;https://github.com/mbrookes/formsy-material-ui;JavaScript;38;1;1;1;1;0;1;1;0;0;0;228;2003;10/10/2015;04/04/2021;5;41;5.394.736.842.105.260;5;8.8;5.167.204.273.105.520;5;45.6;3.028.696.089.078.590;181;19.759.036.144.578.300;23;7.913.043.478.260.860;1.449.737.607.443.070;23;18.043.478.260.869.500;4.160.690.312.137.850;219;21.303.656.597.774.200;17;12.941.176.470.588.200;1.891.583.525.857.130;17;37;6.688.329.387.821.740;0.9863636363636363;9.649.122.807.017.540;6.008.771.929.824.560
1;https://github.com/willdurand/EmailReplyParser;PHP;37;1;1;0;0;1;1;0;0;0;0;151;3728;15/11/2011;30/01/2022;6;36;21.192.052.980.132.400;6;6.166.666.666.666.660;65.243.135.015.621.800;6;25.166.666.666.666.600;34.781.700.169.294.000;44;28.169.014.084.507.000;9;5.222.222.222.222.220;7.378.647.873.726.210;9;7.888.888.888.888.880;12.444.320.435.890.000;70;3.627.906.976.744.180;6;11.833.333.333.333.300;16.277.796.738.707.100;6;35.833.333.333.333.300;5.872.790.364.610.900;0.9859154929577465;19.867.549.668.874.100;57.615.894.039.735.000
2;https://github.com/wmde/DataValuesJavascript;PHP;37;0;0;1;0;0;1;0;0;1;0;690;3217;17/09/2012;10/07/2021;3;33;3.608.695.652.173.910;3;12;55.677.643.628.300.200;3;230;1.767.823.520.603.790;8;13.333.333.333.333.300;3;3;1;3;5;3.605.551.275.463.980;24;2.887.537.993.920.970;4;6.25;0.9574271077563381;4;82.25;21.453.437.952.924.900;0.88;36.231.884.057.971.000;9.333.333.333.333.330
3;https://github.com/laravel/tinker;PHP;37;1;1;1;0;1;1;1;1;0;0;215;1811;21/12/2016;07/12/2021;4;35;2.186.046.511.627.900;4;9;28.284.271.247.461.900;4;53.75;24.308.777.564.218.700;105;31.891.891.891.891.800;10;10.7;9.333.928.552.448.970;10;18.5;2.172.683.952.063.790;139;15.308.641.975.308.600;8;17.5;1.374.253.043.864.710;8;50.625;5.194.485.400.059.230;0.9928571428571429;930.232.558.139.535;786.046.511.627.907
4;https://github.com/dlresende/extreme-carpaccio;PHP;37;0;1;1;0;1;1;0;0;1;0;638;2635;06/02/2015;25/04/2022;5;51;3.871.473.354.231.970;5;10.4;5.504.543.577.809.150;5;127.6;10.894.631.705.569.400;12;57.446.808.510.638.300;4;3.25;26.299.556.396.765.800;4;11.75;1.645.954.636.879.960;47;6.223.776.223.776.220;5;9.6;14.943.225.890.014.500;5;57.2;1.037.337.939.150.010;0.9791666666666666;3.918.495.297.805.640;7.727.272.727.272.720
5;https://github.com/SimpleSoftwareIO/simple-qrcode;PHP;37;1;1;1;1;0;1;1;1;0;0;336;2435;10/06/2014;08/02/2021;6;31;7.440.476.190.476.190;6;5.5;6.316.644.678.941.500;6;56;12.549.262.926.562.600;232;3.325.892.857.142.850;35;66.571.428.571.428.500;1.814.961.165.869.240;35;12.8;4.481.517.600.099.320;266;3.570.247.933.884.290;38;7.026.315.789.473.680;1.984.601.102.557.660;38;15.921.052.631.578.900;5.790.083.861.547.710;0.9925093632958801;6.25;7.946.428.571.428.570
6;https://github.com/sunlightlabs/opencongress;PHP;37;1;0;1;1;0;1;0;1;0;1;3438;2382;17/08/2009;24/02/2016;2;37;0;2;18.5;35.355.339.059.327.300;2;1719;23.193.102.422.918.700;19;6.533.864.541.832.660;2;11;0;2;376.5;3.613.315.651.863.250;21;41.509.433.962.264.100;4;5.75;2.217.355.782.608.340;4;212;11.726.607.921.020.100;1;19.488.074.461.896.400;9.467.713.787.085.510
7;https://github.com/sendwithus/sendwithus_php;PHP;37;1;1;1;0;1;1;0;1;0;1;325;2279;09/01/2013;08/04/2019;5;36;19.384.615.384.615.300;5;7.4;2.701.851.217.221.250;5;65;4.907.137.658.554.110;12;0;4;3;11.547.005.383.792.500;4;5;31.622.776.601.683.700;37;26.5;5;7.6;5.856.620.185.738.520;5;32;30.389.142.798.045.400;0.9736842105263158;23.692.307.692.307.600;6.123.076.923.076.920
8;https://github.com/silverstripe-labs/silverstripe-environmentcheck;PHP;37;1;1;1;0;1;1;1;0;0;0;148;2858;10/01/2012;07/11/2019;6;37;0;6;6.166.666.666.666.660;5.115.336.417.740.930;6;24.666.666.666.666.600;2.632.615.936.035.230;14;0;7;2;0.816496580927726;7;25.714.285.714.285.700;20.701.966.780.270.600;39;0;6;6.5;3.082.207.001.484.480;6;29.5;21.584.716.815.376.500;1;54.729.729.729.729.700;60.810.810.810.810.800
9;https://github.com/thephpleague/flysystem-aws-s3-v3;PHP;37;0;1;1;1;1;1;1;0;0;0;232;2787;13/11/2014;02/07/2022;8;46;7.155.172.413.793.100;8;6;5.903.993.805.649.090;8;29;5.097.338.240.970.190;289;3.116.883.116.883.110;63;4.603.174.603.174.600;16.758.762.448.092.700;63;7.333.333.333.333.330;354.714.787.745.255;371;3.362.068.965.517.240;69;5.391.304.347.826.080;21.688.447.311.946.200;69;1.008.695.652.173.910;5.290.550.375.306.640;0.9946236559139785;19.396.551.724.137.900;7.241.379.310.344.820
10;https://github.com/LVPlayground/playground;PHP;37;0;1;1;1;1;1;0;1;0;1;4019;1939;10/10/2015;31/01/2021;2;33;8.850.460.313.510.820;2;18.5;6.363.961.030.678.920;2;2009.5;2.427.497.579.813.410;44;3.699.472.759.226.710;7;6.571.428.571.428.570;6.704.653.678.780.200;7;16.257.142.857.142.800;17.900.172.917.494.100;48;3.646.546.359.676.410;7;7.142.857.142.857.140;6.817.344.825.970.770;7;22.957.142.857.142.800;27.280.387.163.849.400;0.92;0.2239363025628266;9.432.694.700.174.170
11;https://github.com/oat-sa/qti-sdk;PHP;38;1;1;1;0;0;1;1;0;0;0;2379;3275;10/07/2013;29/06/2022;5;41;0;5;8.2;5.310.367.218.940.700;5;475.8;8.063.896.080.679.610;8;43.75;4;2.25;12.583.057.392.117.900;4;4;408.248.290.463.863;53;48.75;6;9.166.666.666.666.660;8.447.879.418.331.360;6;10.666.666.666.666.600;11.964.224.449.025.700;1;4.539.722.572.509.450;9.432.534.678.436.310
12;https://github.com/mpociot/teamwork;PHP;38;0;1;1;0;0;1;0;1;0;0;211;2419;04/07/2015;16/02/2022;8;37;57.345.971.563.981.000;8;4.75;4.832.922.806.867.790;8;26.375;47.940.252.994.147.300;91;24.615.384.615.384.600;17;5.411.764.705.882.350;8.832.177.134.839.200;17;11.470.588.235.294.100;24.130.161.745.880.400;130;22.413.793.103.448.200;19;6.894.736.842.105.260;11.680.442.994.082.500;19;1.831.578.947.368.420;3.893.306.596.880.070;0.9923664122137404;1.042.654.028.436.010;7.535.545.023.696.680
13;https://github.com/hitmeister/api-sdk-php;PHP;38;1;1;1;0;1;1;0;1;1;0;200;1485;08/09/2015;02/10/2019;6;25;40.5;6;4.333.333.333.333.330;23.380.903.889.000.200;6;33.333.333.333.333.300;3.047.403.266.170.500;45;16;9;5.111.111.111.111.110;4.728.753.653.037.030;9;1.111.111.111.111.110;11.921.036.494.831.700;77;0;9;8.555.555.555.555.550;854.562.916.219.618;9;35.888.888.888.888.800;46.795.951.866.706.400;0.987012987012987;37.5;58.5
14;https://github.com/timber/starter-theme;PHP;38;1;1;1;1;1;1;0;1;0;0;185;2025;26/02/2015;12/09/2020;7;36;6.162.162.162.162.160;7;5.428.571.428.571.420;4.429.339.411.136.560;7;26.428.571.428.571.400;3.336.593.643.651.730;73;0;20;3.65;4.987.088.592.714.080;20;6.15;11.174.571.697.903.100;106;3.269.961.977.186.310;19;5.631.578.947.368.420;10.269.753.466.238.100;19;13.842.105.263.157.800;3.247.437.136.145.420;0.9813084112149533;2.054.054.054.054.050;7.027.027.027.027.020
15;https://github.com/moodlerooms/moodle-theme_snap;PHP;38;0;0;1;0;0;1;0;1;1;1;3867;2970;14/05/2014;01/07/2022;2;42;165.244.375.484.872;2;25;4.242.640.687.119.280;3;1933.5;17.670.598.461.851.800;135;0;22;6.136.363.636.363.630;10.044.166.535.122.800;22;18.818.181.818.181.800;362.328.926.642.976;141;0;25;5.60;9.429.033.177.726.470;25;18.2;38.023.019.343.550.200;0.9432624113475178;5.482.286.009.826.730;9.800.879.234.548.740
16;https://github.com/Wonderfall/dockerfiles;PHP;38;1;0;1;1;0;1;0;0;1;0;730;650;11/04/2016;21/01/2018;4;36;9.054.794.520.547.940;4;9.5;443.471.156.521.669;4;182.5;27.509.331.750.032.200;203;29.930.394.431.554.500;37;5.513.513.513.513.510;12.285.089.475.596.900;37;1.164.864.864.864.860;3.661.452.065.947.500;240;33.117.932.148.626.800;36;6.694.444.444.444.440;1.582.912.224.702.020;36;17.194.444.444.444.400;5.708.881.273.666.960;0.991701244813278;19.178.082.191.780.800;9.095.890.410.958.900
17;https://github.com/certificationy/certificationy;PHP;38;0;1;0;0;0;1;0;1;0;0;182;2587;13/06/2014;14/07/2021;8;37;2.857.142.857.142.850;8;4.75;7.025.463.889.106.740;8;22.75;4.011.679.377.588.820;17;328.125;4;4.5;3.0;4;16;13.515.423.288.475.500;47;31.527.093.596.059.100;3;16;6.557.438.524.302;3;6.766.666.666.666.660;30.550.504.633.038.900;0.9791666666666666;12.637.362.637.362.600;31.868.131.868.131.800
18;https://github.com/irazasyed/telegram-bot-sdk;PHP;38;1;1;1;0;0;1;0;1;0;0;366;1711;29/06/2015;05/03/2020;8;34;46.994.535.519.125.600;8;4.5;32.071.349.029.490.900;8;45.75;5.936.990.579.650.360;781;0;139;5.618.705.035.971.220;1.825.797.252.242.850;139;12.266.187.050.359.700;5.582.602.057.318.090;862;23.835.274.542.429.200;141;6.120.567.375.886.520;2.589.386.997.984.130;141;1.704.964.539.007.090;9.899.461.213.629.860;0.9976825028968713;4.371.584.699.453.550;8.524.590.163.934.420
19;https://github.com/tan-tan-kanarek/github-php-client;PHP;39;0;1;1;1;1;1;0;0;0;0;191;2949;15/07/2013;11/08/2021;6;36;5.078.534.031.413.610;6;6.166.666.666.666.660;4.535.048.695.071.160;6;31.833.333.333.333.300;49.239.888.979.024.500;52;4.186.046.511.627.900;12;4.416.666.666.666.660;8.184.889.995.743.630;12;10.75;27.880.018.912.214.700;80;0.032407407407407406;16;50.625;11.024.026.790.001.300;16;17;5.162.815.769.196.750;0.9876543209876543;23.036.649.214.659.600;6.492.146.596.858.630
20;https://github.com/joindin/joindin-web2;PHP;39;1;0;1;1;0;1;1;0;0;0;1834;3136;07/01/2013;10/08/2021;4;100;44.711.014.176.663.000;4;25.5;13.228.756.555.322.900;4;458.5;5.096.498.798.194.690;63;4.153.439.153.439.150;5;13.2;11.497.825.881.443.800;5;75.6;8.358.408.939.505.170;149;22.126.929.674.099.400;6;25.166.666.666.666.600;26.761.290.452.193.500;6;291.5;36.427.393.538.379.800;0.9867549668874173;3.380.588.876.772.080;8.386.041.439.476.550
1;https://github.com/magneticio/vamp;Scala;37;1;0;1;0;0;1;1;1;1;0;3939;1685;04/02/2015;17/09/2019;3;35;6.194.465.600.406.190;3;12;17.320.508.075.688.700;3;1313;16.789.338.879.181.600;89;5.898.566.703.417.860;11;8.272.727.272.727.270;9.665.308.159.504.370;11;1.649.090.909.090.900;2.681.945.020.113.030;97;5.685.483.870.967.740;10;9.9;10.257.246.760.759.400;10;198.4;29.020.230.491.465.300;0.98989898989899;4.315.816.197.004.310;9.070.830.159.939.070
2;https://github.com/scullxbones/akka-persistence-mongo;Scala;39;0;0;0;1;0;1;0;0;1;0;604;2982;19/10/2013;19/12/2021;4;37;6.887.417.218.543.040;4;9.5;35.118.845.842.842.400;4;151;20.116.328.359.486.100;90;4.774.774.774.774.770;6;15.166.666.666.666.600;19.934.057.957.843.500;6;55.5;8.253.665.852.213.790;102;452.928.870.292.887;5;20.6;23.754.999.473.794.900;5;191.2;33.220.129.439.844.100;0.9902912621359223;2.814.569.536.423.840;8.559.602.649.006.620
3;https://github.com/awaitility/awaitility;Scala;37;0;1;0;1;0;1;1;0;1;0;750;4520;22/01/2010;09/06/2022;6;51;8.146.666.666.666.660;6;8.666.666.666.666.660;7.814.516.406.449.380;6;125;2.753.594.015.100.990;160;32.142.857.142.857.100;42;38.333.333.333.333.300;966.996.019.026.453;42;6.666.666.666.666.660;24.124.339.158.563.400;198;371.244.635.193.133;39;5.102.564.102.564.100;15.045.186.101.584.400;39;11.948.717.948.717.900;48.473.513.504.500.400;0.9949748743718593;5.333.333.333.333.330;8.960.000.000.000.000
4;https://github.com/typelevel/squants;Scala;38;0;1;1;1;0;1;1;0;1;0;804;2972;06/03/2014;25/04/2022;6;61;21.890.547.263.681.500;6;10.333.333.333.333.300;11.994.443.157.840.400;6;134;19.038.067.128.781.700;82;2.280.130.293.159.600;11;7.545.454.545.454.540;901.513.878.277.685;11;2.790.909.090.909.090;37.471.201.062.828.300;116;4.618.149.146.451.030;11;10.727.272.727.272.700;14.608.839.167.373.300;11;10.118.181.818.181.800;16.682.375.021.669.900;0.9915254237288136;4.228.855.721.393.030;8.768.656.716.417.910
5;https://github.com/hdinsight/spark-eventhubs;Scala;39;1;1;1;1;1;1;1;1;0;0;375;2446;04/09/2015;17/05/2022;6;43;0;6;7.166.666.666.666.660;49.966.655.548.141.900;6;62.5;6.255.477.599.672.140;254;0;32;79.375;16.380.431.874.254.600;32;20;5.595.678.055.716.370;280;0;31;903.225.806.451.613;17.660.660.370.755.700;31;41.064.516.129.032.200;11.853.858.316.567.100;1;6.4;8.613.333.333.333.330
6;https://github.com/mdsol/mauth-java-client;Scala;40;1;1;0;0;1;1;0;1;1;1;557;3649;09/07/2012;06/07/2022;6;46;2.980.251.346.499.100;6;7.833.333.333.333.330;5.671.566.509.057.850;6;9.283.333.333.333.330;11.011.887.516.074.000;0;100;1;4;;1;4;;56;21.026.894.865.525.600;6;9.5;5.890.670.590.009.250;6;6.816.666.666.666.660;5.790.480.693.920.550;0.9824561403508771;8.258.527.827.648.110;7.432.675.044.883.300
7;https://github.com/CERT-BDF/TheHive;Scala;40;1;1;1;1;0;1;0;1;0;1;1532;2056;03/11/2016;22/06/2022;3;37;8.439.947.780.678.850;3;13.333.333.333.333.300;4.509.249.752.822.890;3;5.106.666.666.666.660;7.151.344.861.865.720;953;39.871.772.656.385.300;74;12.905.405.405.405.400;4.364.494.633.109.710;74;7.798.648.648.648.640;33.012.710.268.088.000;976;3.997.367.988.155.940;77;127.012.987.012.987;4.528.159.406.921.400;77;7.894.805.194.805.190;3.471.876.822.981.710;0.9969325153374233;7.637.075.718.015.660;8.955.613.577.023.490
8;https://github.com/typesafehub/sbteclipse;Scala;41;0;1;1;0;0;1;1;1;0;0;338;3880;22/11/2011;08/07/2022;8;42;0;8;5.25;4.496.029.994.816.060;8;42.25;4.660.395.446.127.470;297;0;44;6.75;1.728.169.484.582.410;44;14.772.727.272.727.200;51.567.911.257.474.500;326;0;43;75.813.953.488.372.000;20.888.858.454.459.700;43;21.697.674.418.604.600;8.484.622.922.387.600;1;9.763.313.609.467.450;801.775.147.928.994
9;https://github.com/doriordan/skuber;Scala;42;0;0;1;1;0;1;0;0;0;0;449;2401;12/07/2015;07/02/2022;4;51;6.815.144.766.146.990;4;13.25;4.031.128.874.149.270;4;112.25;10.527.226.605.331.500;89;3.894.736.842.105.260;21;4.285.714.285.714.280;6.596.535.887.440.140;21;13.571.428.571.428.500;33.859.373.042.883.400;123;46.330.275.229.357.700;18;6.888.888.888.888.880;12.947.354.437.417.100;18;36.333.333.333.333.300;999.529.300.985.925;0.9838709677419355;8.240.534.521.158.120;819.599.109.131.403
10;https://github.com/hdinsight/spark-eventhubs;Scala;39;1;1;1;1;1;1;1;1;0;0;375;2446;04/09/2015;17/05/2022;6;43;0;6;7.166.666.666.666.660;49.966.655.548.141.900;6;62.5;6.255.477.599.672.140;254;0;32;79.375;16.380.431.874.254.600;32;20;5.595.678.055.716.370;280;0;30;9.333.333.333.333.330;18.811.832.910.996.800;30;4.246.666.666.666.660;12.115.812.789.088.000;1;6.4;8.613.333.333.333.330
11;https://github.com/scalacenter/scastie;Scala;40;1;0;1;1;0;1;0;0;1;0;1562;3744;29/03/2012;30/06/2022;4;42;8.629.961.587.708.060;4;11;8.831.760.866.327.840;4;390.5;4.263.961.381.938.940;153;3.376.623.376.623.370;18;8.555.555.555.555.550;14.496.337.152.869.700;18;4.277.777.777.777.770;9.454.383.082.841.740;168;32.475.083.056.478.400;18;938.888.888.888.889;15.636.077.772.401.000;18;6.688.888.888.888.880;13.456.242.325.268.200;0.9881656804733728;2.176.696.542.893.720;9.244.558.258.642.760
12;https://github.com/typelevel/squants;Scala;38;0;1;1;1;0;1;1;0;1;0;804;2972;06/03/2014;25/04/2022;6;61;21.890.547.263.681.500;6;10.333.333.333.333.300;11.994.443.157.840.400;6;134;19.038.067.128.781.700;82;2.280.130.293.159.600;11;7.545.454.545.454.540;901.513.878.277.685;11;2.790.909.090.909.090;37.471.201.062.828.300;116;4.618.149.146.451.030;11;10.727.272.727.272.700;14.608.839.167.373.300;11;10.118.181.818.181.800;16.682.375.021.669.900;0.9915254237288136;4.228.855.721.393.030;8.768.656.716.417.910
13;https://github.com/SpongePowered/Ore;Scala;38;0;0;1;1;0;1;0;1;0;1;1554;1205;01/03/2016;19/06/2019;3;25;29.857.512.953.367.800;3;11;3;3;5.146.666.666.666.660;3.453.727.454.987.340;125;23.948.220.064.724.900;7;18.142.857.142.857.100;17.506.461.392.188.600;7;22.071.428.571.428.500;22.912.348.510.916.800;128;44.596.800.522.363.600;8;16.5;16.647.608.150.808.200;8;328.875;50.560.584.238.826.000;0.9393939393939394;0.38860103626943004;9.747.409.326.424.870
14;https://github.com/fusesource/jansi;Scala;38;0;1;1;1;1;1;0;1;0;0;469;4713;06/07/2009;02/06/2022;11;43;0;11;3.909.090.909.090.900;4.229.764.661.409.550;11;4.263.636.363.636.360;6.717.927.169.488.030;160;25.142.857.142.857.100;31;5.193.548.387.096.770;9.593.120.294.734.510;31;11.290.322.580.645.100;2.858.693.588.382.290;185;25.523.809.523.809.500;26;7.153.846.153.846.150;14.228.681.759.579.200;26;20.192.307.692.307.600;50.341.250.863.099.700;1;29.850.746.268.656.700;8.763.326.226.012.790
15;https://github.com/ibm-cds-labs/pixiedust;Scala;38;0;1;1;1;0;1;1;0;1;0;2157;1690;01/07/2016;16/02/2021;6;33;870.653.685.674.548;6;6.666.666.666.666.660;35.023.801.430.836.500;6;359.5;47.819.608.948.631.100;181;26.594.594.594.594.500;37;4.918.918.918.918.910;1.686.280.980.010.010;37;25;13.612.290.198.362.800;192;3.611.638.203.668.560;38;5.078.947.368.421.050;13.169.131.759.324.600;38;4.160.526.315.789.470;16.856.172.812.286.500;0.9637305699481865;5.656.003.708.854.890;9.105.238.757.533.610
16;https://github.com/scullxbones/akka-persistence-mongo;Scala;39;0;0;0;1;0;1;0;0;1;0;604;2982;19/10/2013;19/12/2021;4;37;6.887.417.218.543.040;4;9.5;35.118.845.842.842.400;4;151;20.116.328.359.486.100;90;4.774.774.774.774.770;6;15.166.666.666.666.600;19.934.057.957.843.500;6;55.5;8.253.665.852.213.790;102;4.538.784.067.085.950;5;20.6;23.754.999.473.794.900;5;190.8;33.130.907.020.484.600;0.9902912621359223;2.814.569.536.423.840;8.559.602.649.006.620
17;https://github.com/mdsol/mauth-java-client;Scala;40;1;1;0;0;1;1;0;1;1;1;557;3649;09/07/2012;06/07/2022;7;46;2.980.251.346.499.100;7;6.714.285.714.285.710;4.029.651.999.626.670;7;7.957.142.857.142.850;9.243.169.936.563.450;0;100;1;4;;1;4;;56;21.026.894.865.525.600;6;9.5;5.890.670.590.009.250;6;6.816.666.666.666.660;5.790.480.693.920.550;0.9824561403508771;8.258.527.827.648.110;7.432.675.044.883.300
18;https://github.com/lift/framework;Scala;39;1;1;1;1;0;1;1;0;0;0;3930;4310;19/12/2009;08/10/2021;5;119;5.463.104.325.699.740;5;24.6;2.401.666.088.364.490;5;786;9.982.329.387.472.640;302;4.674.961.909.598.780;11;27.636.363.636.363.600;38.725.373.406.263.500;11;358;6.278.264.091.291.470;377;35.673.484.429.703.300;10;37.9;5.367.691.413.551.180;10;542.7;9.542.674.968.558.630;0.9894459102902374;12.722.646.310.432.500;911.704.834.605.598
19;https://github.com/atnos-org/eff;Scala;40;0;0;0;0;1;1;0;1;1;0;1005;2381;05/01/2016;13/07/2022;3;39;40.398.009.950.248.700;3;13.666.666.666.666.600;3.214.550.253.664.310;3;335;25.350.147.928.562.400;41;4.967.741.935.483.870;4;10.75;8.958.236.433.584.450;4;38.75;3.368.852.425.777.450;69;16.555.661.274.976.200;5;14;1.063.014.581.273.460;5;210.2;1.716.761.486.054.480;0.9714285714285714;21.890.547.263.681.500;9.502.487.562.189.050
20;https://github.com/typesafehub/sbteclipse;Scala;41;0;1;1;0;0;1;1;1;0;0;338;3880;22/11/2011;08/07/2022;8;42;0;8;5.25;4.496.029.994.816.060;8;42.25;4.660.395.446.127.470;297;0;44;6.75;1.728.169.484.582.410;44;14.772.727.272.727.200;51.567.911.257.474.500;326;0;43;75.813.953.488.372.000;20.888.858.454.459.700;43;2.174.418.604.651.160;8.509.465.122.893.490;1;9.763.313.609.467.450;801.775.147.928.994
1;https://github.com/Juniper/junoscriptorium;Python;39;0;1;0;0;0;1;0;0;1;0;430;4808;28/08/2008;28/10/2021;7;39;0;7;5.571.428.571.428.570;6.320.789.582.985.730;7;6.142.857.142.857.140;13.503.808.986.462.100;9;0;5;1.8;13.038.404.810.405.200;5;2.2;17.888.543.819.998.300;21;2.549.019.607.843.130;5;4.4;3.209.361.307.176.240;5;10.2;957.601.169.589.929;1;3.255.813.953.488.370;7.976.744.186.046.510
2;https://github.com/google/grr;Python;43;1;1;1;1;0;1;1;0;0;1;1396;3957;21/08/2011;21/06/2022;6;56;3.116.045.845.272.200;6;9.833.333.333.333.330;8.565.434.412.022.930;6;23.266.666.666.666.600;279.234.429.586.802;307;14.679.448.771.719.500;15;20.533.333.333.333.300;26.457.153.142.032.300;15;11.126.666.666.666.600;15.516.418.339.785.700;334;1.381.239.242.685.020;13;2.576.923.076.923.070;2.888.527.262.047.170;13;17.876.923.076.923.000;21.205.587.072.206.300;0.991044776119403;4.656.160.458.452.720;8.982.808.022.922.630
3;https://github.com/NervanaSystems/coach;Python;31;0;0;1;1;0;0;0;1;1;0;521;1365;01/10/2017;28/06/2021;3;32;6.180.422.264.875.230;3;13.333.333.333.333.300;15.275.252.316.519.400;3;17.366.666.666.666.600;11.881.638.495.314.200;173;0;33;5.242.424.242.424.240;9.453.935.367.845.170;33;1.887.878.787.878.780;44.442.911.116.226.900;196;0;35;5.6;11.404.849.329.793.600;35;3.205.714.285.714.280;8.421.993.017.484.310;0.9591836734693877;4.030.710.172.744.720;7.428.023.032.629.550
4;https://github.com/tensorflow/mesh;Python;46;0;1;1;1;0;0;0;0;0;1;653;1339;09/10/2018;10/06/2022;5;46;6.462.480.857.580.390;5;10;6.782.329.983.125.260;5;130.6;1.363.169.101.762.500;81;0;47;17.234.042.553.191.400;23.003.036.440.357.400;47;24.680.851.063.829.700;4.292.820.415.884.430;112;0;63;17.777.777.777.777.700;30.714.315.483.618.300;63;5.761.904.761.904.760;22.422.421.300.085.400;0.9642857142857143;7.044.410.413.476.260;8.591.117.917.304.740
5;https://github.com/tensorflow/privacy;Python;44;0;0;1;0;1;1;0;1;1;0;706;1325;02/12/2018;20/07/2022;3;49;48.725.212.464.589.200;3;18;7.211.102.550.927.970;3;23.533.333.333.333.300;1.297.471.900.787.570;144;0;43;33.488.372.093.023.200;5.402.308.681.657.850;43;7.209.302.325.581.390;16.560.938.177.264.700;175;0;45;3.888.888.888.888.880;7.807.986.069.701.100;45;11.622.222.222.222.200;31.112.178.913.854.200;0.9714285714285714;5.382.436.260.623.220;7.733.711.048.158.640
6;https://github.com/tensorflow/graphics;Python;32;0;0;1;1;0;0;0;0;1;0;753;1061;09/05/2019;04/04/2022;4;18;8.645.418.326.693.220;4;9.25;4.924.428.900.898.050;4;188.25;19.136.418.160.146.800;158;18.765.432.098.765.400;32;496.875;8.185.291.194.299.920;32;1.265.625;29.851.902.597.819.000;197;13.381.201.044.386.400;38;52.105.263.157.894.700;11.421.075.574.702.700;38;4.031.578.947.368.420;15.976.978.459.107.500;0.9040404040404041;19.920.318.725.099.600;56.440.903.054.448.800
7;https://github.com/google/turbinia;Python;43;1;0;1;1;1;1;0;1;1;0;778;2499;16/09/2015;21/07/2022;3;47;60.282.776.349.614.300;3;16.666.666.666.666.600;12.858.201.014.657.200;3;2.593.333.333.333.330;2.581.265.839.338.000;39;4.759.036.144.578.310;7;5.714.285.714.285.710;5.879.747.322.073.330;7;9.485.714.285.714.280;12.914.259.376.290.000;4;63;4;16;9.556.847.457.887.630;4;529.5;3.583.168.988.479.330;0.953125;2.827.763.496.143.950;9.203.084.832.904.880
8;https://github.com/microsoft/dowhy;Python;45;1;1;1;1;0;1;0;0;1;0;617;1512;31/05/2018;21/07/2022;6;59;5.008.103.727.714.740;6;10;433.589.667.773.576;6;10.283.333.333.333.300;14.816.398.572.752.600;192;4.007.782.101.167.310;31;6.225.806.451.612.900;17.394.845.361.810.200;31;16.580.645.161.290.300;57.600.216.546.785.300;231;4.237.132.352.941.170;26;8.923.076.923.076.920;23.460.474.124.660.100;26;4.184.615.384.615.380;13.053.419.239.653.400;0.9956896551724138;5.834.683.954.619.120;6.628.849.270.664.500
9;https://github.com/godiard/help-activity;Python;39;0;1;1;0;0;1;0;1;1;0;632;4713;07/05/2008;03/04/2021;8;39;0;8;4.875;4.969.550.137.731.640;8;79;13.700.990.579.412.200;6;5.357.142.857.142.850;4;1.75;0.9574271077563381;4;7;9.521.904.571.390.460;23;5.321.888.412.017.160;6;4.166.666.666.666.660;33.115.957.885.386.100;6;38.833.333.333.333.300;4.117.483.049.954.990;1;30.063.291.139.240.500;4.177.215.189.873.410
10;https://github.com/trek10inc/awsume;Python;39;0;1;1;1;0;1;0;0;1;0;525;1883;31/03/2016;28/05/2021;5;39;0;5;7.8;5.403.702.434.442.510;5;105;12.262.748.468.430.700;124;3.387.096.774.193.540;39;32.051.282.051.282.000;7.831.043.108.509.960;39;6.358.974.358.974.350;23.458.235.204.728.800;159;3.646.723.646.723.640;48;33.333.333.333.333.300;9.070.253.775.176.260;48;73.125;30.926.237.741.617.700;1;9.333.333.333.333.330;8.819.047.619.047.610
11;https://github.com/rmcauley/rainwave;Python;38;0;1;1;0;0;1;1;0;0;1;3608;4147;02/01/2011;11/05/2022;5;35;713.968.957.871.397;4;6.5;7.681.145.747.868.600;4;58;6.616.645.675.869.300;16;5.652.173.913.043.470;3;5.666.666.666.666.660;4.041.451.884.327.380;3;23;25.942.243.542.145.600;36;5.083.056.478.405.310;4;9.25;10.719.919.153.924.000;4;75.25;8.983.085.958.251.390;0.918918918918919;16.352.549.889.135.200;9.703.436.807.095.340
12;https://github.com/SergeyPirogov/webdriver_manager;Python;39;1;1;1;1;0;1;1;1;0;1;413;2035;23/12/2016;21/07/2022;10;45;0;10;4.5;392.286.743.197.994;10;41.3;735.134.908.253.807;270;25.615.763.546.798.000;25;10.84;23.709.491.770.175.000;25;24.36;659.253.871.180.645;304;26.481.835.564.053.500;24;12.708.333.333.333.300;24.951.220.527.202.700;24;43.583.333.333.333.300;10.656.205.241.310.200;1;7.990.314.769.975.780;4.745.762.711.864.400
13;https://github.com/jMonkeyEngine/sdk;Python;39;1;1;1;1;0;1;0;0;0;1;2161;4149;14/03/2011;24/07/2022;4;33;3.428.968.070.337.800;4;9;39.157.800.414.902.400;4;540.25;4.963.697.378.634.860;114;3.191.823.899.371.060;11;10.454.545.454.545.400;7.672.856.526.270.200;11;5.781.818.181.818.180;7.541.726.351.680.780;120;3.357.664.233.576.640;11;11;812.403.840.463.596;11;7.472.727.272.727.270;976.945.145.943.117;0.9752066115702479;0.2776492364645997;944.932.901.434.521
14;https://github.com/linuxmint/cinnamon-session;Python;38;0;1;1;1;1;1;0;0;0;0;354;3294;02/06/2013;10/06/2022;5;36;6.892.655.367.231.630;5;7.6;39.749.213.828.703.500;5;70.8;6.442.980.676.674.420;44;0;15;2.933.333.333.333.330;365.409.098.851.971;15;5.466.666.666.666.660;8.576.268.474.831.050;69;26.729.559.748.427.600;14;5;602.558.647.002.035;14;22.714.285.714.285.700;36.467.959.744.302.700;0.9714285714285714;8.757.062.146.892.650;8.587.570.621.468.920
15;https://github.com/firedrakeproject/dcore;Python;38;0;0;1;1;1;1;0;1;0;1;1988;2246;13/01/2016;08/03/2022;3;29;5.980.885.311.871.220;3;12.333.333.333.333.300;4.618.802.153.517.000;3;6.626.666.666.666.660;382.439.973.503.468;9;7.545.454.545.454.540;4;3.25;20.615.528.128.088.300;4;27.5;2.489.310.480.166.470;9;8.902.439.024.390.240;3;5.333.333.333.333.330;37.859.388.972.001.800;3;19.133.333.333.333.300;18.432.670.271.377.700;0.5;20.120.724.346.076.400;9.567.404.426.559.350
16;https://github.com/neo4j-contrib/docker-neo4j;Python;38;1;0;1;1;0;1;1;0;1;0;849;2634;27/04/2015;13/07/2022;4;45;34.275.618.374.558.300;4;11.5;8.582.928.793.055.820;4;212.25;24.603.167.140.295.800;270;17.943.548.387.096.700;31;8.741.935.483.870.960;21.908.853.221.069.400;31;16;49.808.299.174.602.000;316;23.647.058.823.529.400;31;10.225.806.451.612.900;2.447.952.842.331.640;31;27.419.354.838.709.600;8.331.457.423.266.280;0.9968454258675079;5.547.703.180.212.010;895.170.789.163.722
17;https://github.com/dart-lang/co19;Python;38;0;1;1;1;0;1;1;1;1;0;3957;3929;09/10/2011;13/07/2022;5;40;4.119.282.284.559.000;5;8.2;4.207.136.793.592.520;5;791.4;10.554.924.443.121.300;62;53.266.331.658.291.400;5;12.8;7.726.577.508.832.740;5;477.6;4.890.243.347.728.200;68;35.108.406.238.113.300;5;13.8;8.105.553.651.663.770;5;525.8;5.257.158.928.546.860;0.9855072463768116;0.9350518069244376;9.656.305.281.779.120
18;https://github.com/RedisLabs/memtier_benchmark;Python;38;1;1;1;0;1;1;0;1;0;1;157;3219;27/06/2013;21/04/2022;10;37;24.203.821.656.050.900;10;3.8;2.898.275.349.237.880;10;15.7;17.301.573.467.301.800;91;2.182.741.116.751.260;18;5.111.111.111.111.110;74.034.085.066.501.500;18;10.944.444.444.444.400;1.937.394.315.059.820;120;23.112.128.146.453.000;20;6.05;79.503.392.843.854.200;20;21.85;35.892.053.071.455.900;0.9917355371900827;20.382.165.605.095.500;7.388.535.031.847.130
19;https://github.com/schubergphilis/Seccubus;Python;38;1;0;1;1;0;1;1;1;1;0;2229;3082;02/02/2011;12/07/2019;3;36;8.811.126.065.500.220;3;12.666.666.666.666.600;8.621.678.104.251.700;3;743;11.345.466.054.772.700;119;56.293.222.683.264.100;11;10.909.090.909.090.900;15.488.412.090.686.000;11;6.572.727.272.727.270;14.097.311.155.613.300;130;62.003.780.718.336.400;12;10.916.666.666.666.600;16.811.567.085.753.400;12;8.816.666.666.666.660;21.164.371.147.298.600;0.9847328244274809;26.469.268.730.372.300;9.457.155.675.190.660
20;https://github.com/puppet-community/pypuppetdb;Python;38;1;1;1;0;0;1;1;0;1;0;458;3240;29/07/2013;13/06/2022;9;58;0;9;6.444.444.444.444.440;5.681.353.516.353.100;9;50.888.888.888.888.800;5.065.432.963.835.480;65;0;10;6.5;566.176.258.382.101;10;16.1;16.782.596.806.083.200;110;0;6;18.333.333.333.333.300;14.165.686.240.583.800;6;9.383.333.333.333.330;7.871.319.245.632.630;1;23.362.445.414.847.100;7.467.248.908.296.940
1;https://github.com/joshwcomeau/react-flip-move;TypeScript;39;1;1;0;1;0;1;1;1;0;0;327;2273;30/01/2016;22/04/2022;8;39;6.697.247.706.422.010;8;5;4.956.957.592.256.420;8;40.875;9.485.543.511.801.820;179;3.367.088.607.594.930;26;6.923.076.923.076.920;1.587.683.363.123.280;26;15.192.307.692.307.600;4.461.481.299.368.560;204;3.770.764.119.601.320;27;7.592.592.592.592.590;18.418.759.791.329.900;27;22.296.296.296.296.200;678.339.685.809.941;0.9951219512195122;856.269.113.149.847;7.645.259.938.837.920
2;https://github.com/Lemoncode/react-typescript-samples;TypeScript;39;1;0;1;0;0;1;0;1;1;0;715;1630;28/02/2016;15/08/2020;3;38;3.552.447.552.447.550;3;13;1;3;23.833.333.333.333.300;1.788.640.079.315.380;35;425.287.356.321.839;5;7.2;7.981.227.975.693.960;5;34.8;44.313.654.780.439.800;50;4.461.942.257.217.840;6;8.5;9.974.968.671.630.000;6;63.5;9.167.496.932.096.560;0.9803921568627451;13.146.853.146.853.100;688.111.888.111.888
3;https://github.com/not-an-aardvark/snoowrap;TypeScript;39;0;1;1;1;0;1;1;1;0;0;732;2014;18/01/2016;24/07/2021;9;39;0;9;4.333.333.333.333.330;4.272.001.872.658.760;9;8.133.333.333.333.330;2.154.593.929.259.060;241;4.224.872.231.686.540;31;7.838.709.677.419.350;200.866.402.934.779;31;1.893.548.387.096.770;5.698.709.531.339.580;270;4.528.552.456.839.300;30;29.321.428.571.428.500;9.974.968.671.630.000;30;25.1;7.618.414.623.746.220;1;3.825.136.612.021.850;9.480.874.316.939.890
4;https://github.com/GoogleCloudPlatform/jupyter-extensions;TypeScript;37;0;0;1;1;1;0;0;1;0;0;1516;461;24/03/2020;29/06/2021;2;0;100;2;18;0;2;758;5.939.696.961.966.990;12;3.684.210.526.315.780;5;2.6;2.073.644.135.332.770;5;19;3.418.332.927.027.440;29;23.013.048.635.824.400;6;5;363.318.042.491.699;6;140.5;15.944.246.611.238.800;-0.2;4.089.709.762.532.980;2.737.467.018.469.650
5;https://github.com/alexa-js/alexa-app;TypeScript;37;1;1;0;1;0;1;1;0;0;0;408;1560;13/05/2015;20/08/2019;5;52;3.161.764.705.882.350;5;10.8;807.465.169.527.454;5;81.6;10.530.337.126.607.100;206;25.673.534.072.900.100;17;12.176.470.588.235.200;15.269.394.610.288.400;17;3.711.764.705.882.350;6.105.722.966.297.800;245;24.347.826.086.956.500;18;13.666.666.666.666.600;19.220.087.531.171.100;18;63.888.888.888.888.800;10.961.692.059.643.700;0.991869918699187;8.333.333.333.333.330;62.5
6;https://github.com/pnpm/supi;TypeScript;37;0;0;1;1;1;1;0;0;1;0;1901;835;27/01/2016;12/05/2018;3;32;823.250.920.568.122;3;12.333.333.333.333.300;37.859.388.972.001.800;3;6.336.666.666.666.660;7.216.414.160.324.590;7;5.217.391.304.347.820;2;4;4.242.640.687.119.280;2;11.5;14.849.242.404.917.400;13;5.309.734.513.274.330;5;2.8;19.235.384.061.671.300;5;22.6;40.203.233.700.785.800;0.6428571428571429;0.7364544976328248;9.510.783.798.001.050
7;https://github.com/projectkudu/AzureResourceExplorer;TypeScript;37;1;0;1;1;1;1;1;0;0;0;416;2706;03/10/2014;02/03/2022;4;35;16.826.923.076.923.000;4;9;39.157.800.414.902.400;4;104;10.621.989.769.655.500;136;4.398.148.148.148.140;18;7.666.666.666.666.660;12.597.852.291.281.200;18;24;4.573.195.561.864.680;160;19.660.537.482.319.600;16;100.625;17.148.250.639.642.500;16;441.875;8.992.309.213.989.470;0.9937888198757764;5.528.846.153.846.150;84.375
8;https://github.com/hilongjw/vue-lazyload;TypeScript;37;0;1;1;0;1;1;0;0;0;0;323;2331;14/01/2016;02/06/2022;10;58;6.222.910.216.718.260;10;6;6.018.490.028.422.590;10;32.3;4.616.648.616.089.860;660;0;162;4.074.074.074.074.070;13.621.573.843.798.500;162;5.777.777.777.777.770;28.196.295.074.009.600;718;0;161;4.459.627.329.192.540;170.044.089.094.637;161;7.124.223.602.484.470;4.013.053.042.322.870;0.9972144846796658;14.860.681.114.551.000;6.749.226.006.191.950
9;https://github.com/bradyholt/cRonstrue;TypeScript;37;0;0;1;1;0;1;0;0;1;0;854;2204;14/06/2016;28/06/2022;4;42;7.798.594.847.775.170;4;11;816.496.580.927.726;4;213.5;3.363.970.867.888.120;110;4.251.207.729.468.590;26;4.269.230.769.230.760;13.095.213.453.190.200;26;7.961.538.461.538.460;30.667.873.443.368.400;137;5.732.323.232.323.230;26;53.076.923.076.923.000;1.795.498.645.116.550;26;1.523.076.923.076.920;6.668.091.642.580.060;0.9855072463768116;6.908.665.105.386.410;8.864.168.618.266.970
10;https://github.com/angular/tsickle;TypeScript;37;0;0;1;1;0;0;1;0;1;1;1236;2468;05/10/2015;08/07/2022;4;83;39.239.482.200.647.200;4;21.25;11.086.778.913.041.700;4;309;12.871.933.291.726.800;211;5.079.840.319.361.270;13;16.384.615.384.615.300;2.006.048.546.080.270;13;7.707.692.307.692.300;13.879.749.129.484.800;252;42.560.646.900.269.500;16;15.875;22.240.728.405.337.800;16;231.875;43.394.790.393.932.400;0.9921259842519685;6.634.304.207.119.740;8.656.957.928.802.580
11;https://github.com/jaedb/Iris;TypeScript;39;1;0;1;1;0;1;1;0;1;1;3037;2084;03/10/2016;18/06/2022;4;44;961.145.867.632.532;4;11.25;5.251.983.752.196.240;4;759.25;14.632.006.868.505.700;506;3.831.831.831.831.830;51;9.941.176.470.588.230;30.100.107.484.662.400;51;3.264.705.882.352.940;13.082.841.029.828.500;527;3.998.929.336.188.430;50;10.56;3.243.150.395.802.800;50;37.36;1.515.756.374.802.720;0.9981060606060606;0.9878169245966415;9.766.216.661.178.790
12;https://github.com/dataform-co/dataform;TypeScript;38;0;0;1;1;0;1;0;0;0;0;1426;1407;03/09/2018;12/07/2022;4;34;6.514.726.507.713.880;4;10;5.830.951.894.845.300;4;356.5;33.966.110.561.361.900;89;3.546.325.878.594.240;28;32.142.857.142.857.100;5.377.298.942.344.930;28;22.357.142.857.142.800;6.811.711.825.188.870;110;3.350.089.766.606.820;26;4.269.230.769.230.760;7.421.901.062.707.270;26;10.711.538.461.538.400;27.401.245.620.198.700;0.9459459459459459;14.726.507.713.884.900;9.417.952.314.165.490
13;https://github.com/leek-wars/leek-wars-client;TypeScript;38;1;0;1;1;0;0;0;0;0;0;3554;2127;13/09/2016;12/07/2022;3;51;923.466.516.601.013;3;17.333.333.333.333.300;66.583.281.184.793.900;3;11.846.666.666.666.600;18.899.799.822.573.000;60;5.334.821.428.571.420;5;12.2;11.606.032.913.963.300;5;179.2;2.313.875.536.842.890;82;5.056.089.743.589.740;6;13.833.333.333.333.300;15.535.979.745.953.100;6;208;3.042.025.640.917.570;0.9879518072289156;13.224.535.734.383.700;9.504.783.342.712.430
14;https://github.com/ActivityWatch/aw-webui;TypeScript;38;1;0;1;1;0;1;0;0;1;0;1069;2267;27/04/2016;13/07/2022;4;40;7.362.020.579.981.290;4;10.5;4.509.249.752.822.890;4;267.25;2.523.626.689.244.400;48;42.391.304.347.826.000;7;7;8;7;26.285.714.285.714.200;3.992.791.123.059.270;77;5.073.409.461.663.940;8;9.75;13.317.550.182.264.800;8;76.625;13.433.320.778.677.800;0.9743589743589743;18.709.073.900.841.900;9.317.118.802.619.270
15;https://github.com/TGFTech/angular-cesium;TypeScript;38;1;0;1;0;0;1;0;0;1;1;1705;1670;22/01/2017;19/08/2021;4;36;4.252.199.413.489.730;4;9.5;3.415.650.255.319.860;4;426.25;2.365.662.345.588.080;113;26.634.382.566.585.900;22;5.181.818.181.818.180;8.910.327.681.625.370;22;18.772.727.272.727.200;4.282.848.609.020.890;128;3.851.261.620.185.920;22;5.863.636.363.636.360;9.987.112.908.264.540;22;3.422.727.272.727.270;8.469.774.372.560.220;0.9844961240310077;2.404.692.082.111.430;6.111.436.950.146.620
16;https://github.com/google/closure-templates;TypeScript;38;0;1;1;1;1;0;1;0;1;1;4761;4660;09/10/2009;13/07/2022;7;67;8.506.616.257.088.840;7;10.428.571.428.571.400;10.260.882.724.488.800;7;6.801.428.571.428.570;10.514.056.351.017.900;135;0;26;51.923.076.923.076.900;7.904.526.453.971.700;26;15.653.846.153.846.100;29.191.700.611.909.900;164;0;37;44.324.324.324.324.300;7.865.326.653.316.010;37;22.216.216.216.216.200;49.910.550.618.712.500;0.9634146341463414;15.752.993.068.683.000;9.827.767.275.782.390
17;https://github.com/DamonOehlman/detect-browser;TypeScript;38;0;1;1;0;1;1;1;1;0;0;154;2715;29/06/2014;04/12/2021;10;38;6.623.376.623.376.620;10;3.9;5.043.147.165.543.880;10;15.4;3.688.480.566.424.180;112;3.284.313.725.490.190;27;4.185.185.185.185.180;7.951.956.880.769.550;27;7.555.555.555.555.550;21.280.784.639.476.800;149;39.130.434.782.608.600;30;5;12.523.082.136.874.100;30;12.266.666.666.666.600;4.206.229.643.765.530;0.9933333333333333;9.090.909.090.909.090;7.142.857.142.857.140
18;https://github.com/aurelia/templating-resources;TypeScript;38;0;0;0;1;0;1;1;0;1;0;643;2718;10/12/2014;21/05/2022;3;42;6.174.183.514.774.490;3;15;3.605.551.275.463.980;3;21.433.333.333.333.300;20.765.436.025.601.100;250;31.432.360.742.705.500;12;21;26.076.809.620.810.500;12;62.833.333.333.333.300;9.932.392.674.598.810;274;3.478.632.478.632.470;10;27.6;30.467.468.990.165.000;10;117;16.294.784.441.654.900;0.9891304347826086;26.438.569.206.842.900;8.755.832.037.325.030
19;https://github.com/zefoy/ngx-color-picker;TypeScript;38;0;1;1;1;0;1;1;0;0;0;355;1861;30/01/2017;06/03/2022;5;36;7.408.450.704.225.350;5;7.6;4.979.959.839.195.490;5;71;11.812.070.097.997.200;268;41.209.829.867.674.800;52;5.173.076.923.076.920;1.808.988.576.021.130;52;10.173.076.923.076.900;490.620.739.886.972;305;4.281.481.481.481.480;56;5.464.285.714.285.710;20.222.367.711.130.000;56;12.053.571.428.571.400;6.259.405.131.272.660;0.9934640522875817;12.112.676.056.338.000;8.140.845.070.422.530
20;https://github.com/davidfig/pixi-viewport;TypeScript;39;0;0;1;1;0;1;1;0;1;0;772;1622;29/08/2017;06/02/2022;4;38;8.613.989.637.305.690;3;3;1;3;8.333.333.333.333.330;7.094.598.884.597.580;251;3.958.020.989.505.240;25;10.08;26.970.539.482.924.600;25;26.68;8.529.005.412.903.270;273;4.043.848.964.677.220;28;9.785.714.285.714.280;2.739.066.770.359.340;28;29.321.428.571.428.500;9.802.004.842.979.770;0.9963503649635036;5.829.015.544.041.450;9.041.450.777.202.070
